,Nome,Valor
0,['Banimenton\nBanishment'],"['R$ 0,49']"
1,['Anjos de Batalha de Tyr\nBattle Angels of Tyr'],"['R$ 2,22']"
2,"[""Fogo-fátuo Atrativo\nBeckoning Will-o'-Wisp""]","['R$ 94,75']"
3,"[""Hipogrifo Abençoado // Benção de Tyr\nBlessed Hippogriff // Tyr's Blessing""]","['R$ 169,75']"
4,['Contrabandear Gado\nContraband Livestock'],"['R$ 12,25']"
5,['Dragão de Cristal // Roubar o Tesouro\nCrystal Dragon // Rob the Hoard'],"['R$ 0,43']"
6,['Fazer um Acordo\nCut a Deal'],"['R$ 0,24']"
7,['Clérigo Arauto da Aurora\nDawnbringer Cleric'],"['R$ 2,72']"
8,"['Ellyn Harbrisa, Intrometida\nEllyn Harbreeze, Busybody']","['R$ 64,70']"
9,['Viajante Distante\nFar Traveler'],"['R$ 1,48']"
10,['Punho Flamejante\nFlaming Fist'],"['R$ 0,47']"
11,['Oficial do Punho Flamejante\nFlaming Fist Officer'],"['R$ 1,88']"
12,['Githzerai Monge\nGithzerai Monk'],"['R$ 1,88']"
13,['Paladino Golias\nGoliath Paladin'],"['R$ 2,39']"
14,['Espada Grande de Tyr\nGreatsword of Tyr'],"['R$ 0,24']"
15,['Naga Anciã // Espirais Banidoras\nGuardian Naga // Banishing Coils'],"['R$ 1,88']"
16,['Raio Guia\nGuiding Bolt'],"['R$ 1,93']"
17,['Martelos de Moradin\nHammers of Moradin'],"['R$ 0,64']"
18,"[""Trombeta de Valhalla // Chamado de Ysgard\nHorn of Valhalla // Ysgard's Call""]","['R$ 0,44']"
19,['Resoluto do Vento Gélido\nIcewind Stalwart'],"['R$ 1,88']"
20,['Líder Inspirador\nInspiring Leader'],"['R$ 0,44']"
21,"[""Lae'zel, Campeã de Vlaakith\nLae'zel, Vlaakith's Champion""]","['R$ 0,99']"
22,"[""Acrobacia de Lae'zel\nLae'zel's Acrobatics""]","['R$ 0,48']"
23,['Lealdade da Legião\nLegion Loyalty'],"['R$ 0,44']"
24,"['Lulu, Halofante Leal\nLulu, Loyal Hollyphant']","['R$ 2,42']"
25,['Ímpeto Marcial\nMartial Impetus'],"['R$ 10,44']"
26,['Contenção Reduzida\nMinimus Containment'],"['R$ 0,47']"
27,['Ascendência Nobre\nNoble Heritage'],"['R$ 0,44']"
28,['Guardião Pégaso // Resgatar o Potro\nPegasus Guardian // Rescue the Foal'],"['R$ 14,75']"
29,['Rasaad yn Bashir'],"['R$ 8,75']"
30,['Campanha de Recrutamento\nRecruitment Drive'],"['R$ 48,74']"
31,['Chwinga de Resgate\nRescuer Chwinga'],"['R$ 2,42']"
32,['Harpista Itinerante\nRoving Harper'],"['R$ 0,32']"
33,['Falcão Batedor\nScouting Hawk'],"['R$ 0,20']"
34,['Explosão Solar Esculpida\nSculpted Sunburst'],"['R$ 7,89']"
35,['Matar os Fortes\nSlaughter the Strong'],"['R$ 0,47']"
36,['Unicórnio Inabalável\nSteadfast Unicorn'],"['R$ 2,42']"
37,['Pele-rocha\nStoneskin'],"['R$ 0,44']"
38,['Tucaneiros Tabaxi\nTabaxi Toucaneers'],"['R$ 1,88']"
39,['Busca no Subcelário\nUndercellar Sweep'],"['R$ 0,44']"
40,['Soldado Veterano\nVeteran Soldier'],"['R$ 0,44']"
41,['Aventureira da Pluma Branca\nWhite Plume Adventurer'],"['R$ 7,88']"
42,['Planetar Moldaventos\nWindshaper Planetar'],"['R$ 0,39']"
43,"[""Patrulha da Travessia do Dragão\nWyrm's Crossing Patrol""]","['R$ 0,45']"
44,['Seu Templo Está Sendo Atacado\nYour Temple Is Under Attack'],"['R$ 4,74']"
45,"[""Assaltantes Abordam Você\nYou're Confronted by Robbers""]","['R$ 0,47']"
46,['Aarakocra Furtivo\nAarakocra Sneak'],"['R$ 2,42']"
47,"['Alora, Ladra Alegre\nAlora, Merry Thief']","['R$ 1,89']"
48,['Dragão de Prata Ancião\nAncient Silver Dragon'],"['R$ 7,25']"
49,"[""Bane's Contigency""]","['R$ 17,75']"
50,['Turvar\nBlur'],"['R$ 0,44']"
51,['Inspiração do Forte da Vela\nCandlekeep Inspiration'],"['R$ 0,44']"
52,['Sábio do Forte da Vela\nCandlekeep Sage'],"['R$ 0,44']"
53,['Cone de Frio\nCone of Cold'],"['R$ 0,44']"
54,['Contato Extraplanar\nContact Other Plane'],"['R$ 1,42']"
55,['Gatinha Deslocadora\nDisplacer Kitten'],"['R$ 114,74']"
56,['Saber Dracônico\nDraconic Lore'],"['R$ 4,89']"
57,['Saqueador Draconato\nDragonborn Looter'],"['R$ 0,44']"
58,['Fratura de Sonho\nDream Fracture'],"['R$ 1,00']"
59,['Desbravador de Masmorras\nDungeon Delver'],"['R$ 0,44']"
60,"[""Simulacro de Elminster\nElminster's Simulacrum""]","['R$ 0,50']"
61,['Custódio de Faéria\nFeywild Caretaker'],"['R$ 0,14']"
62,['Visitante de Faéria\nFeywild Visitor'],"['R$ 38,75']"
63,['Fonte de Magia\nFont of Magic'],"['R$ 0,44']"
64,"['Gale, Prodígio de Águas Profundas\nGale, Waterdeep Prodigy']","['R$ 0,44']"
65,"[""Redirecionamento de Gale\nGale's Redirection""]","['R$ 0,25']"
66,['Olhos Noturnos\nGoggles of Night'],"['R$ 2,41']"
67,['Tritã do Porto Cinzento\nGray Harbor Merfolk'],"['R$ 34,99']"
68,['Coletor Ilitíde // Implantar Girino\nIllithid Harvester // Plant Tadpoles'],"['R$ 1,89']"
69,"['Imoen, Trapaceira Mística\nImoen, Mystic Trickster']","['R$ 2,43']"
70,"[""Duplicação Vil de Irenicus\nIrenicus's Vile Duplication""]","['R$ 53,94']"
71,['Dragão de Névoa Juvenil\nJuvenile Mist Dragon'],"['R$ 11,94']"
72,['Artífice Kenku\nKenku Artificer'],"['R$ 8,42']"
73,['Descoberta da Estirpe\nKindred Discovery'],"['R$ 0,43']"
74,['Orbe dos Dragões de Lápis-lazúli\nLapis Orb of Dragonkind'],"['R$ 0,44']"
75,['Modificar Memória\nModify Memory'],"['R$ 5,75']"
76,['Pixie de Moonshae // Poeira de Pixie\nMoonshae Pixie // Pixie Dust'],"['R$ 1,85']"
77,['Chave Misteriosa\nMystery Key'],"['R$ 1,91']"
78,['Adepto Garraveloz\nNimbleclaw Adept'],"['R$ 1,00']"
79,['Dragão de Oceanus\nOceanus Dragon'],"['R$ 0,48']"
80,['Familiar Pseudodragão\nPseudodragon Familiar'],"['R$ 49,75']"
81,['Ímpeto Psíquico\nPsychic Impetus'],"['R$ 0,55']"
82,"['Renari, Comerciante de Maravilhas\nRenari, Merchant of Marvels']","['R$ 2,43']"
83,['Robe do Arquimago\nRobe of the Archmagi'],"['R$ 2,41']"
84,['Fugir Juntos\nRun Away Together'],"['R$ 1,41']"
85,"[""Ruína dos Marinheiros\nSailors' Bane""]","['R$ 0,44']"
86,['Dragão de Safira // Pulso Psiônico\nSapphire Dragon // Psionic Pulse'],"['R$ 0,43']"
87,['Megera do Mar // Entrada Aquática\nSea Hag // Aquatic Ingress'],"['R$ 0,44']"
88,['Charlatão Descarado\nShameless Charlatan'],"['R$ 0,34']"
89,['Golpe Atordoante\nStunning Strike'],"['R$ 3,75']"
90,['Marinheiro da Costa da Espada\nSword Coast Sailor'],"['R$ 18,42']"
91,['Serpente da Costa da Espada // Onda de Emborcação\nSword Coast Serpent // Capsizing Wave'],"['R$ 0,14']"
92,['Aventureira da Tumba dos Horrores\nTomb of Horrors Adventurer'],"['R$ 2,73']"
93,"[""Invocador de Tymora\nTymora's Invoker""]","['R$ 3,42']"
94,"['Vhal, Pesquisadora de Forte da Vela\nVhal, Candlekeep Researcher']","['R$ 0,43']"
95,"['Volo, Erudito Itinerante\nVolo, Itinerant Scholar']","['R$ 8,50']"
96,['Eladrin Invernal\nWinter Eladrin'],"['R$ 0,44']"
97,['Magos de Thay\nWizards of Thay'],"['R$ 1,88']"
98,['Dragão Azul Jovem // Augúrio das Areias\nYoung Blue Dragon // Sand Augury'],"['R$ 0,48']"
99,['Agente do Trono de Ferro\nAgent of the Iron Throne'],"['R$ 7,75']"
100,['Agente dos Ladrões das Sombras\nAgent of the Shadow Thieves'],"['R$ 0,24']"
101,['Altar de Bhaal // Oferenda de Ossos\nAltar of Bhaal // Bone Offering'],"['R$ 2,33']"
102,"[""Custo da Ambição\nAmbition's Cost""]","['R$ 24,75']"
103,['Dragão de Latão Ancião\nAncient Brass Dragon'],"['R$ 0,43']"
104,['Armadura de Sombras\nArmor of Shadows'],"['R$ 17,72']"
105,['Braços de Hadar\nArms of Hadar'],"['R$ 0,48']"
106,"[""Sede de Astarion\nAstarion's Thirst""]","['R$ 3,88']"
107,['Experimento Atroz\nAtrocious Experiment'],"['R$ 1,89']"
108,['Dinheiro Sangrento\nBlood Money'],"['R$ 19,25']"
109,['Clériga Convocadora de Ossos\nBonecaller Cleric'],"['R$ 0,41']"
110,['Chamado ao Vazio\nCall to the Void'],"['R$ 36,90']"
111,['Demover\nCast Down'],"['R$ 0,42']"
112,['Diabo das Correntes\nChain Devil'],"['R$ 0,43']"
113,['Névoa Mortal\nCloudkill'],"['R$ 9,70']"
114,['Passado Criminoso\nCriminal Past'],"['R$ 0,42']"
115,['Cultista do Absoluto\nCultist of the Absolute'],"['R$ 32,94']"
116,['Disputa Mortífera\nDeadly Dispute'],"['R$ 0,50']"
117,['Cérebro Ancião\nElder Brain'],"['R$ 7,71']"
118,['Pacto Místico\nEldritch Pact'],"['R$ 2,98']"
119,['Tirano da Morte Assombroso\nGhastly Death Tyrant'],"['R$ 0,44']"
120,['Lanterna Fantasma // Capturar Espírito\nGhost Lantern // Bind Spirit'],"['R$ 3,43']"
121,['Slaad Cinza // Decomposição Entrópica\nGray Slaad // Entropic Decay'],"['R$ 1,88']"
122,['Espreitadora Jurada à Guilda\nGuildsworn Prowler'],"['R$ 12,75']"
123,['Hezrou // Fedor Demoníaco\nHezrou // Demonic Stench'],"['R$ 11,90']"
124,['Devorador de Intelecto\nIntellect Devourer'],"['R$ 8,00']"
125,['Bolorentos\nMold Folk'],"['R$ 7,88']"
126,['Homicídio\nMurder'],"['R$ 0,44']"
127,"[""Édito de Myrkul\nMyrkul's Edict""]","['R$ 2,43']"
128,"[""Invocador de Myrkul\nMyrkul's Invoker""]","['R$ 0,44']"
129,['Diabrete Nefasto\nNefarious Imp'],"['R$ 0,48']"
130,['Nótico\nNothic'],"['R$ 0,44']"
131,['Arma de Pacto\nPact Weapon'],"['R$ 8,41']"
132,['Ímpeto Parasitário\nParasitic Impetus'],"['R$ 0,44']"
133,['Vidente da Passagem\nPassageway Seer'],"['R$ 0,25']"
134,['Aventureira de Ravenloft\nRavenloft Adventurer'],"['R$ 0,44']"
135,"['Safana, Degoladora de Calimporto\nSafana, Calimport Cutthroat']","['R$ 0,44']"
136,"['Sarevok, Fatífero\nSarevok, Deathbringer']","['R$ 0,44']"
137,['Rebento de Halaster\nScion of Halaster'],"['R$ 0,85']"
138,"['Sombralma, Justiciar Sombria\nShadowheart, Dark Justiciar']","['R$ 39,70']"
139,['Insígnia de Myrkul\nSigil of Myrkul'],"['R$ 0,36']"
140,"['Sivriss, Orador do Pesadelo\nSivriss, Nightmare Speaker']","['R$ 2,43']"
141,['Mercadora do Porto da Caveira\nSkullport Merchant'],"['R$ 6,89']"
142,['Estirge\nStirge'],"['R$ 2,43']"
143,['Invocar Morto-vivo\nSummon Undead'],"['R$ 2,33']"
144,"[""Ferramentas de Ladrão\nThieves' Tools""]","['R$ 0,42']"
145,['Dragão de Topázio // Nuvem Entrópica\nTopaz Dragon // Entropic Cloud'],"['R$ 7,90']"
146,['Explorador do Subterrâneo\nUnderdark Explorer'],"['R$ 2,33']"
147,['Furioso de Batalha Ferino\nVicious Battlerager'],"['R$ 2,33']"
148,"['Viconia, Apóstata Drow\nViconia, Drow Apostate']","['R$ 0,24']"
149,['Vrock'],"['R$ 0,44']"
150,['Bandido Zentharim\nZhentarim Bandit'],"['R$ 0,43']"
151,"[""Amber Gristle O'Maul""]","['R$ 0,13']"
152,['Dragão de Ametista // Cristal Explosivo\nAmethyst Dragon // Explosive Crystal'],"['R$ 1,00']"
153,['Dragão de Cobre Ancião\nAncient Copper Dragon'],"['R$ 0,43']"
154,['Balor'],"['R$ 0,48']"
155,"[""Invocador de Bhaal\nBhaal's Invoker""]","['R$ 2,33']"
156,['Feiticeiro do Sangue Fervente\nBloodboil Sorcerer'],"['R$ 0,49']"
157,['Arma de Sopro\nBreath Weapon'],"['R$ 0,48']"
158,['Orbe dos Dragões de Cornalina\nCarnelian Orb of Dragonkind'],"['R$ 1,90']"
159,['Aventureira das Cavernas do Caos\nCaves of Chaos Adventurer'],"['R$ 1,50']"
160,['Coroação do Caos\nCoronation of Chaos'],"['R$ 144,90']"
161,['Descida ao Avernus\nDescent into Avernus'],"['R$ 39,70']"
162,['Cultista do Dragão\nDragon Cultist'],"['R$ 0,25']"
163,['Tremor de Terra\nEarth Tremor'],"['R$ 1,42']"
164,['Sobreviventes de Elturel\nElturel Survivors'],"['R$ 0,48']"
165,['Dragão das Presas // Golpe de Cauda Bifurcada\nFang Dragon // Forktail Sweep'],"['R$ 0,49']"
166,['Flautista Firbolg\nFirbolg Flutist'],"['R$ 8,40']"
167,['Bola de Fogo\nFireball'],"['R$ 0,45']"
168,"['Ganax, Caçador Astral\nGanax, Astral Hunter']","['R$ 17,89']"
169,['Impositores Genasi\nGenasi Enforcers'],"['R$ 1,94']"
170,['Bando Guerreiro Gnoll\nGnoll War Band'],"['R$ 0,45']"
171,['Artesão de Guilda\nGuild Artisan'],"['R$ 7,75']"
172,"['Gut, Zelote Alma Verdadeira\nGut, True Soul Zealot']","['R$ 0,44']"
173,['Ogro Acumulador\nHoarding Ogre'],"['R$ 7,25']"
174,['Artilheiro Engenhoso\nIngenious Artillerist'],"['R$ 0,25']"
175,['Engenhocagem Inspirada\nInspired Tinkering'],"['R$ 2,41']"
176,['Baladeiro Insuportável\nInsufferable Balladeer'],"['R$ 0,48']"
177,['Azagaia Relâmpago\nJavelin of Lightning'],"['R$ 1,42']"
178,"['Karlach, Fúria do Avernus\nKarlach, Fury of Avernus']","['R$ 1,48']"
179,['Raio\nLightning Bolt'],"['R$ 2,41']"
180,"['Livaan, Cultista de Tiamat\nLivaan, Cultist of Tiamat']","['R$ 0,15']"
181,['Fênix Nêmesis\nNemesis Phoenix'],"['R$ 0,48']"
182,['Ataque em Bando\nPack Attack'],"['R$ 8,43']"
183,['Patrona das Artes\nPatron of the Arts'],"['R$ 0,44']"
184,['Artista Popular\nPopular Entertainer'],"['R$ 0,44']"
185,['Bárbaro Imprudente\nReckless Barbarian'],"['R$ 54,44']"
186,['Ímpeto Brilhante\nShiny Impetus'],"['R$ 7,95']"
187,['Barda Despertadora\nStirring Bard'],"['R$ 2,42']"
188,"[""Trovão do Rei da Tempestade\nStorm King's Thunder""]","['R$ 2,33']"
189,['Criança de Rua\nStreet Urchin'],"['R$ 0,44']"
190,['Espadachim Extraordinário\nSwashbuckler Extraordinaire'],"['R$ 0,45']"
191,['Kobold Provocador\nTaunting Kobold'],"['R$ 7,70']"
192,['Valentão de Taverna\nTavern Brawler'],"['R$ 0,44']"
193,['Onda Trovejante\nThunderwave'],"['R$ 0,42']"
194,"[""Fanáticos de Tiamat\nTiamat's Fanatics""]","['R$ 0,48']"
195,['Machado de Duas Mãos\nTwo-Handed Axe'],"['R$ 48,89']"
196,['Varinha das Maravilhas\nWand of Wonder'],"['R$ 2,34']"
197,['Ladrão de Armazéns\nWarehouse Thief'],"['R$ 1,90']"
198,['Surto de Magia Selvagem\nWild Magic Surge'],"['R$ 1,00']"
199,['Dragão Vermelho Irado\nWrathful Red Dragon'],"['R$ 0,44']"
200,"['Wyll, Lâmina das Fronteiras\nWyll, Blade of Frontiers']","['R$ 1,85']"
201,"[""Inversão de Wyll\nWyll's Reversal""]","['R$ 0,45']"
202,['Dragão Vermelho Jovem // Banhar-se em Ouro\nYoung Red Dragon // Bathe in Gold'],"['R$ 2,42']"
203,"[""Flagraram Você Roubando\nYou've Been Caught Stealing""]","['R$ 7,43']"
204,['Acólito de Bahamut\nAcolyte of Bahamut'],"['R$ 0,44']"
205,['Draconata Ambiciosa\nAmbitious Dragonborn'],"['R$ 3,88']"
206,['Dragão de Bronze Ancião\nAncient Bronze Dragon'],"['R$ 24,75']"
207,['Caçador Vingador\nAvenging Hunter'],"['R$ 7,89']"
208,['Coligar\nBand Together'],"['R$ 7,75']"
209,['Briga de Taverna\nBarroom Brawl'],"['R$ 0,45']"
210,['Soberana do Espinheiro\nBramble Sovereign'],"['R$ 0,44']"
211,['Domadora de Suínos Despreocupada\nCarefree Swinemaster'],"['R$ 2,43']"
212,['Druida do Círculo da Terra\nCircle of the Land Druid'],"['R$ 0,44']"
213,['Eremita de Floresta do Manto\nCloakwood Hermit'],"['R$ 86,75']"
214,['Protetor do Enxame de Floresta do Manto\nCloakwood Swarmkeeper'],"['R$ 0,44']"
215,['Texugo Colossal // Cavar Fundo\nColossal Badger // Dig Deep'],"['R$ 0,10']"
216,['Muralistas Dracônicos\nDraconic Muralists'],"['R$ 6,72']"
217,['Linorme Atroz // Deflexão das Escamas\nDread Linnorm // Scale Deflection'],"['R$ 53,94']"
218,['Druida do Bosque Esmeralda\nDruid of the Emerald Grove'],"['R$ 0,44']"
219,['Ritual Druídico\nDruidic Ritual'],"['R$ 0,44']"
220,['Dragão do Terremoto\nEarthquake Dragon'],"['R$ 2,44']"
221,['Dragão de Esmeralda // Onda Dissonante\nEmerald Dragon // Dissonant Wave'],"['R$ 0,48']"
222,"['Erinis, Espreitadora Sombria\nErinis, Gloom Stalker']","['R$ 0,44']"
223,['Ettercap // Tiro de Teia\nEttercap // Web Shot'],"['R$ 2,41']"
224,['Explorar o Subterrâneo\nExplore the Underdark'],"['R$ 0,43']"
225,['Ankheg Gigante\nGiant Ankheg'],"['R$ 0,44']"
226,"['Halsin, Arquidruida Esmeralda\nHalsin, Emerald Archdruid']","['R$ 0,44']"
227,['Forasteiro Robusto\nHardy Outlander'],"['R$ 18,94']"
228,['Orbe dos Dragões de Jade\nJade Orb of Dragonkind'],"['R$ 1,88']"
229,"['Jaheira, Amiga da Floresta\nJaheira, Friend of the Forest']","['R$ 1,90']"
230,"[""Trégua de Jaheira\nJaheira's Respite""]","['R$ 0,44']"
231,['Dragão Verde à Espreita\nLurking Green Dragon'],"['R$ 3,88']"
232,['Gênese Majestosa\nMajestic Genesis'],"['R$ 2,72']"
233,['Mestre-cuca\nMaster Chef'],"['R$ 2,72']"
234,['Manual dos Monstros // Estudo Zoológico\nMonster Manual // Zoological Study'],"['R$ 1,94']"
235,['Cuidador de Esporos Miconídeo\nMyconid Spore Tender'],"['R$ 0,55']"
236,"[""Sabedoria da Natureza\nNature's Lore""]","['R$ 19,44']"
237,['Confronto Avassalador\nOverwhelming Encounter'],"['R$ 11,25']"
238,['Filhote de Urso-coruja\nOwlbear Cub'],"['R$ 0,44']"
239,['Pastora de Urso-coruja\nOwlbear Shepherd'],"['R$ 23,94']"
240,['Envenenar a Lâmina\nPoison the Blade'],"['R$ 0,43']"
241,['Ímpeto Predatório\nPredatory Impetus'],"['R$ 28,75']"
242,['Criado por Gigantes\nRaised by Giants'],"['R$ 0,45']"
243,['Sela do Cavaleiro\nSaddle of the Cavalier'],"['R$ 10,90']"
244,['Cultivador Escamoso\nScaled Nurturer'],"['R$ 2,42']"
245,['Elfa Atiradora de Elite\nSharpshooter Elf'],"['R$ 14,44']"
246,"[""Invocador de Silvanus\nSilvanus's Invoker""]","['R$ 1,00']"
247,['Skanos Coração Dracônico\nSkanos Dragonheart'],"['R$ 0,44']"
248,['Serpente da Caveira\nSkullwinder'],"['R$ 0,44']"
249,['Repartir os Despojos\nSplit the Spoils'],"['R$ 7,40']"
250,['Atravessar as Terras Longínquas\nTraverse the Outlands'],"['R$ 1,50']"
251,['Miconídeo do Subcelário\nUndercellar Myconid'],"['R$ 0,43']"
252,['Aventureiro da Montanha Subterrânea\nUndermountain Adventurer'],"['R$ 1,42']"
253,"['Wilson, Urso Pardo Refinado\nWilson, Refined Grizzly']","['R$ 0,25']"
254,['Você Vê o Tarrasque\nYou Look Upon the Tarrasque'],"['R$ 1,44']"
255,['Vocês se Encontram numa Taverna\nYou Meet in a Tavern'],"['R$ 1,88']"
256,"['Alaundo, o Vidente\nAlaundo the Seer']","['R$ 2,33']"
257,"['Astarion, o Hedonista\nAstarion, the Decadent']","['R$ 24,44']"
258,"['Baba Lysaga, Bruxa da Noite\nBaba Lysaga, Night Witch']","['R$ 0,44']"
259,"['Bane, Senhor das Trevas\nBane, Lord of Darkness']","['R$ 8,44']"
260,"['Bhaal, Senhor do Assassinato\nBhaal, Lord of Murder']","['R$ 2,85']"
261,"['Cadira, Convocadora dos Pequenos\nCadira, Caller of the Small']","['R$ 1,88']"
262,['Comandante Liara Portyr\nCommander Liara Portyr'],"['R$ 0,14']"
263,['O Conselho dos Quatro\nThe Council of Four'],"['R$ 7,75']"
264,['Duque Ulder Ravengard\nDuke Ulder Ravengard'],"['R$ 6,42']"
265,"['Dynaheir, Adepta Invocadora\nDynaheir, Invoker Adept']","['R$ 6,48']"
266,['Elminster'],"['R$ 8,24']"
267,"['Gluntch, o Generoso\nGluntch, the Bestower']","['R$ 6,89']"
268,"['Gorion, Mentor Sábio\nGorion, Wise Mentor']","['R$ 2,88']"
269,"['Jan Jansen, Artífice do Caos\nJan Jansen, Chaos Crafter']","['R$ 1,90']"
270,"['Jon Irenicus, O Despedaçado\nJon Irenicus, Shattered One']","['R$ 7,75']"
271,"['Kagra, Arquidruida das Sombras\nKagha, Shadow Archdruid']","['R$ 7,41']"
272,"['Korlessa, Cantora das Escamas\nKorlessa, Scale Singer']","['R$ 9,90']"
273,"[""Lozhan, Legado dos Dragões\nLozhan, Dragons' Legacy""]","['R$ 64,50']"
274,"['Mahadi, Mestre do Empório\nMahadi, Emporium Master']","['R$ 6,40']"
275,"['Mazzy, Paladina da Espada Pura\nMazzy, Truesword Paladin']","['R$ 10,43']"
276,"['Miirym, Dragão Sentinela\nMiirym, Sentinel Wyrm']","['R$ 16,42']"
277,"['Minsc & Boo, Heróis Atemporais\nMinsc & Boo, Timeless Heroes']","['R$ 12,40']"
278,"['Minthara, Alma Impiedosa\nMinthara, Merciless Soul']","['R$ 2,42']"
279,"['Myrkul, Senhor dos Ossos\nMyrkul, Lord of Bones']","['R$ 2,42']"
280,"['Neera, Maga Selvagem\nNeera, Wild Mage']","['R$ 2,42']"
281,['Astele Keene\nNine-Fingers Keene'],"['R$ 3,75']"
282,"['Oji, Lâmina Requintada\nOji, the Exquisite Blade']","['R$ 8,40']"
283,"['Raggadragga, Chefe dos Rancatripa\nRaggadragga, Goreguts Boss']","['R$ 28,75']"
284,"['Raphael, Salvador Demoníaco\nRaphael, Fiendish Savior']","['R$ 64,25']"
285,"['Rilsa Rael, Chefona\nRilsa Rael, Kingpin']","['R$ 2,42']"
286,"['Tasha, a Rainha Bruxa\nTasha, the Witch Queen']","['R$ 9,90']"
287,"['Thrakkus, o Açougueiro\nThrakkus the Butcher']","['R$ 8,88']"
288,"['Zevlor, Exilado de Elturel\nZevlor, Elturel Exile']","['R$ 9,90']"
289,['Enciclopédia Arcana\nArcane Encyclopedia'],"['R$ 2,33']"
290,['Sinete Arcano\nArcane Signet'],"['R$ 9,70']"
291,['Mochila de Carga\nBag of Holding'],"['R$ 14,94']"
292,['Colar de Basilisco\nBasilisk Collar'],"['R$ 2,42']"
293,['Lâmina dos Egos\nBlade of Selves'],"['R$ 63,94']"
294,['Morsa de Bronze\nBronze Walrus'],"['R$ 1,41']"
295,['Cervo Brunido\nBurnished Hart'],"['R$ 8,94']"
296,['Fogueira\nCampfire'],"['R$ 0,10']"
297,['Diamante de Carvão\nCharcoal Diamond'],"['R$ 5,79']"
298,['Dragão de Chardalyn\nChardalyn Dragon'],"['R$ 0,20']"
299,['Manto do Morcego\nCloak of the Bat'],"['R$ 6,75']"
300,['Raposa Mecânica\nClockwork Fox'],"['R$ 34,75']"
301,['Garrafa da Água Infinita\nDecanter of Endless Water'],"['R$ 0,44']"
302,['Mímico Atroz\nDire Mimic'],"['R$ 0,60']"
303,['Toupeira de Perfuração\nDrillworks Mole'],"['R$ 1,89']"
304,"[""Kit do Explorador de Masmorras\nDungeoneer's Pack""]","['R$ 0,49']"
305,['Diamante de Fogo\nFire Diamond'],"['R$ 0,44']"
306,['Corda Puída\nFraying Line'],"['R$ 0,44']"
307,['Colosso do Portão\nGate Colossus'],"['R$ 0,44']"
308,['Golem do Geodo\nGeode Golem'],"['R$ 0,44']"
309,['Mastim de Ferro\nIron Mastiff'],"['R$ 0,44']"
310,['Lanterna Reveladora\nLantern of Revealing'],"['R$ 1,88']"
311,['Chave Múltipla\nManifold Key'],"['R$ 2,44']"
312,['Diamante de Mármore\nMarble Diamond'],"['R$ 0,49']"
313,['Duodrone em Marcha\nMarching Duodrone'],"['R$ 7,74']"
314,['Marut'],"['R$ 0,22']"
315,['Golem Meteórico\nMeteor Golem'],"['R$ 2,92']"
316,['Servo Poderoso de Leuk-o\nMighty Servant of Leuk-o'],"['R$ 1,25']"
317,['Pedra da Mente\nMind Stone'],"['R$ 0,44']"
318,['Espelho do Aprisionamento\nMirror of Life Trapping'],"['R$ 0,80']"
319,['Diamante de Limo\nMoss Diamond'],"['R$ 0,49']"
320,['Nave Nautiloide\nNautiloid Ship'],"['R$ 0,44']"
321,['Orbe de Navegação\nNavigation Orb'],"['R$ 0,44']"
322,['Diagrama de Autômato Leve\nNimblewright Schematic'],"['R$ 0,25']"
323,"[""Bolsa de Nobre\nNoble's Purse""]","['R$ 9,73']"
324,"[""Selo de Patriar\nPatriar's Seal""]","['R$ 1,90']"
325,"[""Olho do Peregrino\nPilgrim's Eye""]","['R$ 14,94']"
326,['Estátua Cobiçada\nPrized Statue'],"['R$ 0,21']"
327,['Prisma Profético\nProphetic Prism'],"['R$ 29,89']"
328,['Tapete Sufocador\nRug of Smothering'],"['R$ 0,44']"
329,['Diamante Celeste\nSky Diamond'],"['R$ 0,48']"
330,['Cristal do Orador das Pedras\nStonespeaker Crystal'],"['R$ 1,85']"
331,['Botas Pé-ligeiro\nSwiftfoot Boots'],"['R$ 2,88']"
332,"[""Tocha do Pioneiro\nTrailblazer's Torch""]","['R$ 0,05']"
333,['Guardião do Tesouro\nTreasure Keeper'],"['R$ 0,44']"
334,['Solvente Universal\nUniversal Solvent'],"['R$ 0,14']"
335,['Caixa Enigmática Desconcertante\nVexing Puzzlebox'],"['R$ 2,41']"
336,"[""Bijuteria do Viajante\nWayfarer's Bauble""]","['R$ 0,50']"
337,"[""Portal de Baldur\nBaldur's Gate""]","['R$ 2,49']"
338,['Portão do Basilisco\nBasilisk Gate'],"['R$ 6,90']"
339,['Portão do Dragão Negro\nBlack Dragon Gate'],"['R$ 0,44']"
340,['Alameda da Abundância\nBountiful Promenade'],"['R$ 0,10']"
341,['Portão da Cidadela\nCitadel Gate'],"['R$ 0,10']"
342,['Portão do Penhasco\nCliffgate'],"['R$ 38,70']"
343,['Torre de Comando\nCommand Tower'],"['R$ 4,75']"
344,['Terras em Desenvolvimento\nEvolving Wilds'],"['R$ 13,44']"
345,['Portão de Gond\nGond Gate'],"['R$ 0,55']"
346,['Portão do Depósito\nHeap Gate'],"['R$ 0,94']"
347,['Suíte Luxuosa\nLuxury Suite'],"['R$ 39,90']"
348,['Portão da Mansão\nManor Gate'],"['R$ 0,94']"
349,['Piscina Mórfica\nMorphic Pool'],"['R$ 0,94']"
350,['Lagoa Espelhada\nReflecting Pool'],"['R$ 0,95']"
351,['Portão Marinho\nSea Gate'],"['R$ 0,24']"
352,['Mar de Nuvens\nSea of Clouds'],"['R$ 12,44']"
353,['Jardim dos Cumes\nSpire Garden'],"['R$ 0,94']"
354,['Planície (#451)\nPlains (#451)'],"['R$ 59,90']"
355,['Planície (#452)\nPlains (#452)'],"['R$ 0,94']"
356,['Planície (#453)\nPlains (#453)'],"['R$ 59,50']"
357,['Planície (#454)\nPlains (#454)'],"['R$ 48,90']"
358,['Ilha (#455)\nIsland (#455)'],"['R$ 0,94']"
359,['Ilha (#456)\nIsland (#456)'],"['R$ 48,94']"
360,['Ilha (#457)\nIsland (#457)'],"['R$ 39,90']"
361,['Ilha (#458)\nIsland (#458)'],"['R$ 0,49']"
362,['Pântano (#459)\nSwamp (#459)'],"['R$ 0,49']"
363,['Pântano (#460)\nSwamp (#460)'],"['R$ 0,49']"
364,['Pântano (#461)\nSwamp (#461)'],"['R$ 0,49']"
365,['Pântano (#462)\nSwamp (#462)'],"['R$ 0,49']"
366,['Montanha (#463)\nMountain (#463)'],"['R$ 0,49']"
367,['Montanha (#464)\nMountain (#464)'],"['R$ 0,49']"
368,['Montanha (#465)\nMountain (#465)'],"['R$ 0,49']"
369,['Montanha (#466)\nMountain (#466)'],"['R$ 0,49']"
370,['Floresta (#467)\nForest (#467)'],"['R$ 0,49']"
371,['Floresta (#468)\nForest (#468)'],"['R$ 0,49']"
372,['Floresta (#469)\nForest (#469)'],"['R$ 0,49']"
373,['Floresta (#470)\nForest (#470)'],"['R$ 0,49']"
374,"[""Captain N'ghathrod""]","['R$ 0,49']"
375,"['Faldorn, Dread Wolf Herald']","['R$ 0,49']"
376,"['Firkraag, Cunning Instigator']","['R$ 0,49']"
377,"[""Nalia de'Arnise""]","['R$ 0,49']"
378,['Folk Hero'],"['R$ 0,49']"
379,['Clan Crafter'],"['R$ 0,49']"
380,"['Zellix, Sanity Flayer']","['R$ 0,49']"
381,"['Burakos, Party Leader']","['R$ 24,85']"
382,['Haunted One'],"['R$ 19,85']"
383,"['Baeloth Barrityl, Entertainer']","['R$ 24,85']"
384,['Passionate Archaeologist'],"['R$ 24,85']"
385,['Durnan of the Yawning Portal'],"['R$ 59,85']"
386,['Deep Gnome Terramancer'],"['R$ 19,85']"
387,['Harper Recruiter'],"['R$ 29,85']"
388,['Seasoned Dungeoneer'],"['R$ 19,85']"
389,['Stick Together'],"['R$ 49,85']"
390,['Aboleth Spawn'],"['R$ 34,85']"
391,['Artificer Class'],"['R$ 29,85']"
392,['Astral Dragon'],"['R$ 29,85']"
393,['Endless Evil'],"['R$ 129,50']"
394,['Grell Philosopher'],"['R$ 14,90']"
395,['Mocking Doppelganger'],"['R$ 19,85']"
396,['Psionic Ritual'],"['R$ 19,85']"
397,['Black Market Connections'],"['R$ 89,85']"
398,['Brainstealer Dragon'],"['R$ 59,90']"
399,['From the Catacombs'],"['R$ 19,85']"
400,['Solemn Doomguide'],"['R$ 29,50']"
401,['Uchuulon'],"['R$ 19,85']"
402,['Bothersome Quasit'],"['R$ 17,85']"
403,['Death Kiss'],"['R$ 19,90']"
404,['Delayed Blast Fireball'],"['R$ 137,94']"
405,['Loot Dispute'],"['R$ 14,90']"
406,['Nalfeshnee'],"['R$ 24,85']"
407,['Spectacular Showdown'],"['R$ 29,85']"
408,['Green Slime'],"['R$ 14,95']"
409,['Journey to the Lost City'],"['R$ 14,90']"
410,['Tlincalli Hunter // Retrieve Prey'],"['R$ 9,95']"
411,['Venture Forth'],"['R$ 29,85']"
412,['Multiclass Baldric'],"['R$ 14,85']"
413,"[""Sarevok's Tome""]","['R$ 24,85']"
414,['Arquissacerdote de Iona\nArchpriest of Iona'],"['R$ 24,90']"
415,['Comando Austero\nAustere Command'],"['R$ 59,85']"
416,['Mnemocensor Aviano\nAven Mindcensor'],"['R$ 19,85']"
417,['Bispo do Passado\nBygone Bishop'],"['R$ 19,75']"
418,['Troca de Berço\nCrib Swap'],"['R$ 39,85']"
419,['Anoitecer // Alvorecer\nDusk // Dawn'],"['R$ 19,85']"
420,['Oito-Caudas-e-Meia\nEight-and-a-Half-Tails'],"['R$ 29,85']"
421,['Médico da Linha de Frente\nFrontline Medic'],"['R$ 0,00']"
422,['Mago Aeropólvora\nGalepowder Mage'],"['R$ 0,00']"
423,['Protetora Gloriosa\nGlorious Protector'],"['R$ 0,00']"
424,['Coorte Irregular\nIrregular Cohort'],"['R$ 0,00']"
425,"[""Jazal Juba D'ouro\nJazal Goldmane""]","['R$ 0,00']"
426,"[""Assistente de Mago\nMage's Attendant""]","['R$ 0,00']"
427,['Magus do Equilíbrio\nMagus of the Balance'],"['R$ 0,00']"
428,"['Mikaeus, o Lunarca\nMikaeus, the Lunarch']","['R$ 0,00']"
429,['Entidade do Espelho\nMirror Entity'],"['R$ 0,00']"
430,['Madre das Runas\nMother of Runes'],"['R$ 0,00']"
431,['Ordem da Argila Branca\nOrder of Whiteclay'],"['R$ 0,00']"
432,['Sacerdote da Sabedoria Antiga\nPriest of Ancient Lore'],"['R$ 0,00']"
433,['Coletora de Rumores\nRumor Gatherer'],"['R$ 0,00']"
434,['Espírito Altruísta\nSelfless Spirit'],"['R$ 0,00']"
435,"[""Reivindicação de Sevinne\nSevinne's Reclamation""]","['R$ 0,00']"
436,['Recruta Solene\nSolemn Recruit'],"['R$ 0,00']"
437,['Comandante de Esquadrão\nSquad Commander'],"['R$ 0,00']"
438,['Vendaval Etéreo\nÆther Gale'],"['R$ 0,00']"
439,['Angler Turtle'],"['R$ 0,00']"
440,['Espreitador do Abismo\nChasm Skulker'],"['R$ 0,00']"
441,['Pesquisa Compulsiva\nCompulsive Research'],"['R$ 0,00']"
442,['Maldição do Suíno\nCurse of the Swine'],"['R$ 0,00']"
443,['Maldição da Prolixidade\nCurse of Verbosity'],"['R$ 0,00']"
444,['Campo de Dissipação\nDissipation Field'],"['R$ 0,00']"
445,['Domineering Will'],"['R$ 0,00']"
446,['Fato ou Ficção\nFact or Fiction'],"['R$ 0,00']"
447,['Criação Esquecida\nForgotten Creation'],"['R$ 0,00']"
448,['Sanidade Fraturada\nFractured Sanity'],"['R$ 0,00']"
449,"['Grazilaxx, Erudito Ilitíde\nGrazilaxx, Illithid Scholar']","['R$ 0,00']"
450,['Horror Quebra-casco\nHullbreaker Horror'],"['R$ 0,00']"
451,"['Keiga, a Estrela da Maré\nKeiga, the Tide Star']","['R$ 0,00']"
452,['Linha de Força da Antecipação\nLeyline of Anticipation'],"['R$ 0,00']"
453,['Relógio da Meia-noite\nMidnight Clock'],"['R$ 0,00']"
454,['Devorador de Mentes\nMind Flayer'],"['R$ 0,00']"
455,['Amálgama Sobrecarregado\nOvercharged Amalgam'],"['R$ 0,00']"
456,['Propaganda'],"['R$ 0,00']"
457,['Puxar do Amanhã\nPull From Tomorrow'],"['R$ 0,00']"
458,['Baleia Perseguida\nPursued Whale'],"['R$ 0,00']"
459,['Reflexos de Littjara\nReflections of Littjara'],"['R$ 0,00']"
460,['Rédeas do Poder\nReins of Power'],"['R$ 0,00']"
461,['Monstro da Imundície\nSludge Monster'],"['R$ 0,00']"
462,['Instigador Ardiloso\nSly Instigator'],"['R$ 0,00']"
463,['Mercado Negro\nBlack Market'],"['R$ 0,00']"
464,['Campeão Banhado em Sangue\nBloodsoaked Champion'],"['R$ 0,00']"
465,['Carniceiro de Malakir\nButcher of Malakir'],"['R$ 0,00']"
466,['Calculating Lich'],"['R$ 0,00']"
467,['Pária Morfoloide\nChangeling Outcast'],"['R$ 0,00']"
468,['Áugure Cadáver\nCorpse Augur'],"['R$ 0,00']"
469,['Medo Debilitante\nCrippling Fear'],"['R$ 0,00']"
470,"[""Cai o Pano\nCurtains' Call""]","['R$ 0,00']"
471,['Cria das Trevas\nDark Hatchling'],"['R$ 0,00']"
472,['Horror de Dauth\nDauthi Horror'],"['R$ 0,00']"
473,['Devastador da Frota Macabra\nDire Fleet Ravager'],"['R$ 0,00']"
474,['Colheitador do Entulho\nDross Harvester'],"['R$ 0,00']"
475,['Desmembrador do Ocaso\nDusk Mangler'],"['R$ 0,00']"
476,['Alimentar o Enxame\nFeed the Swarm'],"['R$ 0,00']"
477,"['Gonti, Senhor da Opulência\nGonti, Lord of Luxury']","['R$ 0,00']"
478,['Arúspice Sinistra\nGrim Haruspex'],"['R$ 0,00']"
479,['Capanga Sinistra\nGrim Hireling'],"['R$ 0,00']"
480,['Comedor de Culpa\nGuiltfeeder'],"['R$ 0,00']"
481,['Bruxaria\nHex'],"['R$ 0,00']"
482,['Horror Caçado\nHunted Horror'],"['R$ 0,00']"
483,"[""No Rastro de Garruk\nIn Garruk's Wake""]","['R$ 0,00']"
484,['Sacerdote de Sangue de Malakir\nMalakir Blood-Priest'],"['R$ 0,00']"
485,['Líder de Ataque Mardu\nMardu Strike Leader'],"['R$ 0,00']"
486,['Mindblade Render'],"['R$ 0,00']"
487,['Necrófago Falcão da Noite\nNighthawk Scavenger'],"['R$ 0,00']"
488,['Uivador Noturno\nNighthowler'],"['R$ 0,00']"
489,['Annihilo\nNihilith'],"['R$ 0,00']"
490,['Raivoso Phyrexiano\nPhyrexian Rager'],"['R$ 0,00']"
491,['Cuspidor de Pragas\nPlague Spitter'],"['R$ 0,00']"
492,['Pontífice do Flagelo\nPontiff of Blight'],"['R$ 0,00']"
493,['Facção Titeriteira\nPuppeteer Clique'],"['R$ 0,00']"
494,['Chupacabra Voraz\nRavenous Chupacabra'],"['R$ 0,00']"
495,['Sewer Nemesis'],"['R$ 0,00']"
496,['Formiga Agitadora\nAgitator Ant'],"['R$ 0,00']"
497,['Fênix da Aurora\nAurora Phoenix'],"['R$ 0,00']"
498,['Avatar of Slaughter'],"['R$ 0,00']"
499,['Ato Blasfemo\nBlasphemous Act'],"['R$ 0,00']"
500,['Gigante Esmaga-ossos // Pisar\nBonecrusher Giant // Stomp'],"['R$ 0,00']"
501,['Provocador Petulante\nBrash Taunter'],"['R$ 0,00']"
502,['Reação em Cadeia\nChain Reaction'],"['R$ 0,00']"
503,['Dragão do Caos\nChaos Dragon'],"['R$ 0,00']"
504,['Distorção Caótica\nChaos Warp'],"['R$ 0,00']"
505,['Maldição da Opulência\nCurse of Opulence'],"['R$ 0,00']"
506,['Raio Demoníaco\nDemon Bolt'],"['R$ 0,00']"
507,['Destemida da Frota Macabra\nDire Fleet Daredevil'],"['R$ 0,00']"
508,['Quebrar o Decoro\nDisrupt Decorum'],"['R$ 0,00']"
509,"['Drakuseth, Gorja das Chamas\nDrakuseth, Maw of Flames']","['R$ 0,00']"
510,['Saqueador de Sonhos\nDream Pillager'],"['R$ 0,00']"
511,['Quebra-escudo de Brasoreth // Exibição em Batalha\nEmbereth Shieldbreaker // Battle Display'],"['R$ 0,00']"
512,"['Etali, Tormenta Primordial\nEtali, Primal Storm']","['R$ 0,00']"
513,['Raivoso do Geodo\nGeode Rager'],"['R$ 0,00']"
514,['Espião-mestre Goblin\nGoblin Spymaster'],"['R$ 0,00']"
515,['Gargadonte Maior\nGreater Gargadon'],"['R$ 0,00']"
516,['Inflamar o Futuro\nIgnite the Future'],"['R$ 0,00']"
517,['Quimiomante Izzet\nIzzet Chemister'],"['R$ 0,00']"
518,"[""Vontade de Jeska\nJeska's Will""]","['R$ 0,00']"
519,"['Kazuul, Tirano dos Penhascos\nKazuul, Tyrant of the Cliffs']","['R$ 0,00']"
520,"['Laelia, a Lâmina Reforjada\nLaelia, the Blade Reforged']","['R$ 0,00']"
521,['Iluminar o Palco\nLight Up the Stage'],"['R$ 0,00']"
522,['Morteiros de Mizzium\nMizzium Mortars'],"['R$ 0,00']"
523,['Cerco ao Posto Avançado\nOutpost Siege'],"['R$ 0,00']"
524,['Rowan Kenrith'],"['R$ 0,00']"
525,"['Ryusei, a Estrela Cadente\nRyusei, the Falling Star']","['R$ 0,00']"
526,['Arasta da Teia Infinita\nArasta of the Endless Web'],"['R$ 0,00']"
527,['Mamute de Batalha\nBattle Mammoth'],"['R$ 0,00']"
528,['Gigante do Pé de Feijão // Pegadas Férteis\nBeanstalk Giant // Fertile Footsteps'],"['R$ 0,00']"
529,['Fera Interior\nBeast Within'],"['R$ 0,00']"
530,['Cultivar\nCultivate'],"['R$ 0,00']"
531,['Pioneiros do Arrasamento Final\nEnd-Raze Forerunners'],"['R$ 0,00']"
532,['Explorar\nExplore'],"['R$ 0,00']"
533,"[""Predação de Ezuri\nEzuri's Predation""]","['R$ 0,00']"
534,['Vespa Rainha\nHornet Queen'],"['R$ 0,00']"
535,"[""Alcance do Kodama\nKodama's Reach""]","['R$ 0,00']"
536,"[""Fera Apaixonada // Desejo do Coração\nLovestruck Beast // Heart's Desire""]","['R$ 0,00']"
537,['Hidra Devoradora de Mana\nManagorger Hydra'],"['R$ 0,00']"
538,['Retomada Natural\nNatural Reclamation'],"['R$ 0,00']"
539,['Recompensa Primordial\nPrimeval Bounty'],"['R$ 0,00']"
540,['Retorno do Falabravo\nReturn of the Wildspeaker'],"['R$ 0,00']"
541,['Ancião da Tribo Sakura\nSakura-Tribe Elder'],"['R$ 0,00']"
542,['Convergência dos Vormes-da-areia\nSandwurm Convergence'],"['R$ 0,00']"
543,['Buscar pelo Amanhã\nSearch for Tomorrow'],"['R$ 0,00']"
544,['Elfo Tranças-de-Sangue\nBloodbraid Elf'],"['R$ 0,00']"
545,['Aberração Consumidora\nConsuming Aberration'],"['R$ 0,00']"
546,['Descentelhar\nDespark'],"['R$ 0,00']"
547,['Afogar no Lago\nDrown in the Loch'],"['R$ 0,00']"
548,['Fuga para as Terras Selvagens\nEscape to the Wilds'],"['R$ 0,00']"
549,['Extrair das Trevas\nExtract from Darkness'],"['R$ 0,00']"
550,"['Felisa, Presa de Platinopena\nFelisa, Fang of Silverquill']","['R$ 0,00']"
551,"[""Retribuição de Firja\nFirja's Retribution""]","['R$ 0,00']"
552,"['Grumgully, o Generoso\nGrumgully, the Generous']","['R$ 0,00']"
553,['Alto Sacerdote de Penitência\nHigh Priest of Penance'],"['R$ 0,00']"
554,['Saquear Memória\nMemory Plunder'],"['R$ 0,00']"
555,['Nêmesis da Razão\nNemesis of Reason'],"['R$ 0,00']"
556,"['Niv-Mizzet, Parun']","['R$ 0,00']"
557,['Dragão Sílfide\nSprite Dragon'],"['R$ 0,00']"
558,['Lâmina Sedenta de Sangue\nBloodthirsty Blade'],"['R$ 0,00']"
559,['Varinha do Caos\nChaos Wand'],"['R$ 0,00']"
560,['Chave Rúnica Dimir\nDimir Keyrune'],"['R$ 0,00']"
561,['Sinete Dimir\nDimir Signet'],"['R$ 0,00']"
562,"[""Tesouro do Dragão\nDragon's Hoard""]","['R$ 0,00']"
563,['Cálice do Fluxo Perene\nEverflowing Chalice'],"['R$ 0,00']"
564,['A Pedra Fellwar\nFellwar Stone'],"['R$ 0,00']"
565,['Arquivo de Edro\nHedron Archive'],"['R$ 0,00']"
566,"[""Corneta do Arauto\nHerald's Horn""]","['R$ 0,00']"
567,['Sinete Izzet\nIzzet Signet'],"['R$ 0,00']"
568,['Grevas Faiscantes\nLightning Greaves'],"['R$ 0,00']"
569,['Nexo do Bosque das Máscaras\nMaskwood Nexus'],"['R$ 0,00']"
570,['Manivela Mental\nMindcrank'],"['R$ 0,00']"
571,['Sinete Orzhov\nOrzhov Signet'],"['R$ 0,00']"
572,['Revogador Phyrexiano\nPhyrexian Revoker'],"['R$ 0,00']"
573,['Réptil da Psicose\nPsychosis Crawler'],"['R$ 0,00']"
574,['Pinça Craniana\nSkullclamp'],"['R$ 0,00']"
575,['Anel Solar\nSol Ring'],"['R$ 0,00']"
576,['Simulacro Solene\nSolemn Simulacrum'],"['R$ 0,00']"
577,['Desprezador de Mágica\nSpellskite'],"['R$ 0,00']"
578,['Dragão Avérneo de Aço\nSteel Hellkite'],"['R$ 0,00']"
579,['Desolação Fumegante\nAsh Barrens'],"['R$ 0,00']"
580,['Floresta Flagelada\nBlighted Woodland'],"['R$ 0,00']"
581,['Pântano de Bojuka\nBojuka Bog'],"['R$ 0,00']"
582,['Castelo de Brasoreth\nCastle Embereth'],"['R$ 0,00']"
583,['Castelo de Locthwain\nCastle Locthwain'],"['R$ 0,00']"
584,['Castelo de Vantreza\nCastle Vantress'],"['R$ 0,00']"
585,['Estuário Estrangulado\nChoked Estuary'],"['R$ 0,00']"
586,['Clareira das Cinzas\nCinder Glade'],"['R$ 0,00']"
587,['Poço de Piche Rastejante\nCreeping Tar Pit'],"['R$ 0,00']"
588,['Catacumbas de Darkwater\nDarkwater Catacombs'],"['R$ 0,00']"
589,['Farol Desolado\nDesolate Lighthouse'],"['R$ 0,00']"
590,['Aqueduto Dimir\nDimir Aqueduct'],"['R$ 0,00']"
591,['Templo da Costa Náufraga\nDrownyard Temple'],"['R$ 0,00']"
592,['Pomar Exótico\nExotic Orchard'],"['R$ 0,00']"
593,['Trilha de Caça\nGame Trail'],"['R$ 0,00']"
594,['Gleba Gruul\nGruul Turf'],"['R$ 0,00']"
595,['Floresta das Terras Altas\nHighland Forest'],"['R$ 0,00']"
596,['Fábrica de Caldeira Izzet\nIzzet Boilerworks'],"['R$ 0,00']"
597,['Toca do Lobo de Kessig\nKessig Wolf Run'],"['R$ 0,00']"
598,['Fortaleza de Kher\nKher Keep'],"['R$ 0,00']"
599,['Lodaçal Mortuário\nMortuary Mire'],"['R$ 0,00']"
600,['Vale de Piromusgo\nMossfire Valley'],"['R$ 0,00']"
601,['Ponte Musgomosto\nMosswort Bridge'],"['R$ 0,00']"
602,['Caverna Mutável\nMutavault'],"['R$ 0,00']"
603,['Paisagem Infinita\nMyriad Landscape'],"['R$ 0,00']"
604,['Brejo de Nefália\nNephalia Drownyard'],"['R$ 0,00']"
605,['Basílica Orzhov\nOrzhov Basilica'],"['R$ 0,00']"
606,['Caminho da Ascendência\nPath of Ancestry'],"['R$ 0,00']"
607,['Porto de Karfell\nPort of Karfell'],"['R$ 0,00']"
608,['Campus de Prismari\nPrismari Campus'],"['R$ 0,00']"
609,['Ravina Enfurecida\nRaging Ravine'],"['R$ 0,00']"
610,['Torre do Relicário\nReliquary Tower'],"['R$ 0,00']"
611,['Rio de Lágrimas\nRiver of Tears'],"['R$ 0,00']"
612,"[""Passagem do Ladino\nRogue's Passage""]","['R$ 0,00']"
613,['Exaustor Trópego\nShambling Vent'],"['R$ 0,00']"
614,['Buraco na Neve\nSnowfield Sinkhole'],"['R$ 0,00']"
615,['Colina da Rocha Espinhosa\nSpinerock Knoll'],"['R$ 0,00']"
616,['Santuário à Luz das Estrelas\nStarlit Sanctum'],"['R$ 0,00']"
617,['Stolen Strategy'],"['R$ 0,00']"
618,['Boneco Empalhado\nStuffy Doll'],"['R$ 0,00']"
619,['Vale Afundado\nSunken Hollow'],"['R$ 0,00']"
620,['Reclusa da Goma Doce\nSweet-Gum Recluse'],"['R$ 0,00']"
621,['Drenar Mente\nSyphon Mind'],"['R$ 0,00']"
622,['Campo Contaminado\nTainted Field'],"['R$ 0,00']"
623,['Ilha Contaminada\nTainted Isle'],"['R$ 0,00']"
624,['Talismã da Criatividade\nTalisman of Creativity'],"['R$ 0,00']"
625,['Talismã da Dominação\nTalisman of Dominance'],"['R$ 0,00']"
626,['Talismã da Hierarquia\nTalisman of Hierarchy'],"['R$ 0,00']"
627,['Gigante Tectônico\nTectonic Giant'],"['R$ 0,00']"
628,['Templo do Abandono\nTemple of Abandon'],"['R$ 0,00']"
629,['Templo do Engano\nTemple of Deceit'],"['R$ 0,00']"
630,['Templo da Epifania\nTemple of Epiphany'],"['R$ 0,00']"
631,['Templo do Silêncio\nTemple of Silence'],"['R$ 0,00']"
632,['Templo do Falso Deus\nTemple of the False God'],"['R$ 0,00']"
633,['Gerador de Terrenos\nTerrain Generator'],"['R$ 0,00']"
634,['Terramorfia\nTerramorph'],"['R$ 0,00']"
635,['Dragão Avérneo Territorial\nTerritorial Hellkite'],"['R$ 0,00']"
636,['A Guerra Acrosana\nThe Akroan War'],"['R$ 0,00']"
637,['Receptáculo de Pensamentos\nThought Vessel'],"['R$ 0,00']"
638,['Três Visitas\nThree Visits'],"['R$ 0,00']"
639,['Thunder Dragon'],"['R$ 0,00']"
640,['Virar o Túmulo\nThwart the Grave'],"['R$ 0,00']"
641,['Formação Inquebrável\nUnbreakable Formation'],"['R$ 0,00']"
642,"['Urabrask, o Oculto\nUrabrask the Hidden']","['R$ 0,00']"
643,['Morfoloide Valente\nValiant Changeling'],"['R$ 0,00']"
644,['Câmara do Arcanjo\nVault of the Archangel'],"['R$ 0,00']"
645,['Ancestral Vingativo\nVengeful Ancestor'],"['R$ 0,00']"
646,"['Vivien, Campeã da Natureza\nVivien, Champion of the Wilds']","['R$ 0,00']"
647,['Torrente Vulcânica\nVolcanic Torrent'],"['R$ 0,00']"
648,['Fumarola Errante\nWandering Fumarole'],"['R$ 0,00']"
649,['Salão de Guerra\nWar Room'],"['R$ 0,00']"
650,['Warmonger Hellkite'],"['R$ 0,00']"
651,['Surto da Tempestade Bélica\nWarstorm Surge'],"['R$ 0,00']"
652,['Infiltrador do Cais\nWharf Infiltrator'],"['R$ 0,00']"
653,['Feiticeiro da Magia Selvagem\nWild-Magic Sorcerer'],"['R$ 0,00']"
654,['Will Kenrith'],"['R$ 0,00']"
655,['Cumes dos Ventos Velozes\nWindbrisk Heights'],"['R$ 0,00']"
656,['Andarilho das Aflições\nWoe Strider'],"['R$ 0,00']"
657,"['Xenagos, o Orgíaco\nXenagos, the Reveler']","['R$ 0,00']"
658,['Degolador de Zulaport\nZulaport Cutthroat'],"['R$ 0,00']"
