,Unnamed: 0,Valor,PT,EN
0,0,"R$ 0,49",O Sem Rosto,Faceless One
1,1,"R$ 1,95","Abdel Adrian, Protegido de Gorion","Abdel Adrian, Gorion's Ward"
2,2,"R$ 93,90",Dragão de Ouro Ancião,Ancient Gold Dragon
3,3,"R$ 164,90",Arquivista de Oghma,Archivist of Oghma
4,4,"R$ 10,74",Ascensão do Avernus,Ascend from Avernus
5,5,"R$ 0,43",Confronto Astral,Astral Confrontation
6,6,"R$ 0,24",Invocadora de Bane,Bane's Invoker
7,7,"R$ 2,72",Banimento,Banishment
8,8,"R$ 63,75",Anjos de Batalha de Tyr,Battle Angels of Tyr
9,9,"R$ 1,45",Fogo-fátuo Atrativo,Beckoning Will-o'-Wisp
10,10,"R$ 0,45",Hipogrifo Abençoado // Benção de Tyr,Blessed Hippogriff // Tyr's Blessing
11,11,"R$ 1,88",Contrabandear Gado,Contraband Livestock
12,12,"R$ 1,88",Dragão de Cristal // Roubar o Tesouro,Crystal Dragon // Rob the Hoard
13,13,"R$ 1,95",Fazer um Acordo,Cut a Deal
14,14,"R$ 0,24",Clérigo Arauto da Aurora,Dawnbringer Cleric
15,15,"R$ 1,88","Ellyn Harbrisa, Intrometida","Ellyn Harbreeze, Busybody"
16,16,"R$ 1,93",Viajante Distante,Far Traveler
17,17,"R$ 0,64",Punho Flamejante,Flaming Fist
18,18,"R$ 0,44",Oficial do Punho Flamejante,Flaming Fist Officer
19,19,"R$ 1,88",Githzerai Monge,Githzerai Monk
20,20,"R$ 0,44",Paladino Golias,Goliath Paladin
21,21,"R$ 0,59",Espada Grande de Tyr,Greatsword of Tyr
22,22,"R$ 0,48",Naga Anciã // Espirais Banidoras,Guardian Naga // Banishing Coils
23,23,"R$ 0,44",Raio Guia,Guiding Bolt
24,24,"R$ 1,95",Martelos de Moradin,Hammers of Moradin
25,25,"R$ 9,90",Trombeta de Valhalla // Chamado de Ysgard,Horn of Valhalla // Ysgard's Call
26,26,"R$ 0,45",Resoluto do Vento Gélido,Icewind Stalwart
27,27,"R$ 0,44",Líder Inspirador,Inspiring Leader
28,28,"R$ 13,90","Lae'zel, Campeã de Vlaakith","Lae'zel, Vlaakith's Champion"
29,29,"R$ 7,95",Acrobacia de Lae'zel,Lae'zel's Acrobatics
30,30,"R$ 47,90",Lealdade da Legião,Legion Loyalty
31,31,"R$ 2,39","Lulu, Halofante Leal","Lulu, Loyal Hollyphant"
32,32,"R$ 0,32",Ímpeto Marcial,Martial Impetus
33,33,"R$ 0,20",Contenção Reduzida,Minimus Containment
34,34,"R$ 6,90",Ascendência Nobre,Noble Heritage
35,35,"R$ 0,47",Guardião Pégaso // Resgatar o Potro,Pegasus Guardian // Rescue the Foal
36,36,"R$ 2,39",Rasaad yn Bashir,
37,37,"R$ 0,44",Campanha de Recrutamento,Recruitment Drive
38,38,"R$ 1,88",Chwinga de Resgate,Rescuer Chwinga
39,39,"R$ 0,45",Harpista Itinerante,Roving Harper
40,40,"R$ 0,44",Falcão Batedor,Scouting Hawk
41,41,"R$ 6,90",Explosão Solar Esculpida,Sculpted Sunburst
42,42,"R$ 0,39",Matar os Fortes,Slaughter the Strong
43,43,"R$ 0,45",Unicórnio Inabalável,Steadfast Unicorn
44,44,"R$ 4,69",Pele-rocha,Stoneskin
45,45,"R$ 0,47",Tucaneiros Tabaxi,Tabaxi Toucaneers
46,46,"R$ 1,95",Busca no Subcelário,Undercellar Sweep
47,47,"R$ 1,89",Soldado Veterano,Veteran Soldier
48,48,"R$ 6,90",Aventureira da Pluma Branca,White Plume Adventurer
49,49,"R$ 16,90",Planetar Moldaventos,Windshaper Planetar
50,50,"R$ 0,44",Patrulha da Travessia do Dragão,Wyrm's Crossing Patrol
51,51,"R$ 0,44",Seu Templo Está Sendo Atacado,Your Temple Is Under Attack
52,52,"R$ 0,44",Assaltantes Abordam Você,You're Confronted by Robbers
53,53,"R$ 0,44",Aarakocra Furtivo,Aarakocra Sneak
54,54,"R$ 1,42","Alora, Ladra Alegre","Alora, Merry Thief"
55,55,"R$ 97,94",Dragão de Prata Ancião,Ancient Silver Dragon
56,56,"R$ 4,89",Contigência de Bane,Bane's Contigency
57,57,"R$ 0,44",Turvar,Blur
58,58,"R$ 1,00",Inspiração do Forte da Vela,Candlekeep Inspiration
59,59,"R$ 0,44",Sábio do Forte da Vela,Candlekeep Sage
60,60,"R$ 0,50",Cone de Frio,Cone of Cold
61,61,"R$ 0,14",Contato Extraplanar,Contact Other Plane
62,62,"R$ 38,75",Gatinha Deslocadora,Displacer Kitten
63,63,"R$ 0,44",Saber Dracônico,Draconic Lore
64,64,"R$ 0,44",Saqueador Draconato,Dragonborn Looter
65,65,"R$ 0,25",Fratura de Sonho,Dream Fracture
66,66,"R$ 1,99",Desbravador de Masmorras,Dungeon Delver
67,67,"R$ 34,90",Simulacro de Elminster,Elminster's Simulacrum
68,68,"R$ 1,89",Custódio de Faéria,Feywild Caretaker
69,69,"R$ 1,99",Visitante de Faéria,Feywild Visitor
70,70,"R$ 52,94",Fonte de Magia,Font of Magic
71,71,"R$ 11,90","Gale, Prodígio de Águas Profundas","Gale, Waterdeep Prodigy"
72,72,"R$ 8,42",Redirecionamento de Gale,Gale's Redirection
73,73,"R$ 0,43",Olhos Noturnos,Goggles of Night
74,74,"R$ 0,44",Tritã do Porto Cinzento,Gray Harbor Merfolk
75,75,"R$ 5,89",Coletor Ilitíde // Implantar Girino,Illithid Harvester // Plant Tadpoles
76,76,"R$ 1,85","Imoen, Trapaceira Mística","Imoen, Mystic Trickster"
77,77,"R$ 1,91",Duplicação Vil de Irenicus,Irenicus's Vile Duplication
78,78,"R$ 0,95",Dragão de Névoa Juvenil,Juvenile Mist Dragon
79,79,"R$ 0,45",Artífice Kenku,Kenku Artificer
80,80,"R$ 49,69",Descoberta da Estirpe,Kindred Discovery
81,81,"R$ 0,55",Orbe dos Dragões de Lápis-lazúli,Lapis Orb of Dragonkind
82,82,"R$ 1,95",Modificar Memória,Modify Memory
83,83,"R$ 1,95",Pixie de Moonshae // Poeira de Pixie,Moonshae Pixie // Pixie Dust
84,84,"R$ 1,41",Chave Misteriosa,Mystery Key
85,85,"R$ 0,44",Adepto Garraveloz,Nimbleclaw Adept
86,86,"R$ 0,43",Dragão de Oceanus,Oceanus Dragon
87,87,"R$ 0,44",Familiar Pseudodragão,Pseudodragon Familiar
88,88,"R$ 0,34",Ímpeto Psíquico,Psychic Impetus
89,89,"R$ 3,75","Renari, Comerciante de Maravilhas","Renari, Merchant of Marvels"
90,90,"R$ 17,95",Robe do Arquimago,Robe of the Archmagi
91,91,"R$ 0,10",Fugir Juntos,Run Away Together
92,92,"R$ 2,73",Ruína dos Marinheiros,Sailors' Bane
93,93,"R$ 3,42",Dragão de Safira // Pulso Psiônico,Sapphire Dragon // Psionic Pulse
94,94,"R$ 0,43",Megera do Mar // Entrada Aquática,Sea Hag // Aquatic Ingress
95,95,"R$ 7,90",Charlatão Descarado,Shameless Charlatan
96,96,"R$ 0,44",Golpe Atordoante,Stunning Strike
97,97,"R$ 1,88",Marinheiro da Costa da Espada,Sword Coast Sailor
98,98,"R$ 0,45",Serpente da Costa da Espada // Onda de Emborcação,Sword Coast Serpent // Capsizing Wave
99,99,"R$ 7,75",Aventureira da Tumba dos Horrores,Tomb of Horrors Adventurer
100,100,"R$ 0,24",Invocador de Tymora,Tymora's Invoker
101,101,"R$ 1,95","Vhal, Pesquisadora de Forte da Vela","Vhal, Candlekeep Researcher"
102,102,"R$ 24,74","Volo, Erudito Itinerante","Volo, Itinerant Scholar"
103,103,"R$ 0,43",Eladrin Invernal,Winter Eladrin
104,104,"R$ 17,72",Magos de Thay,Wizards of Thay
105,105,"R$ 0,45",Dragão Azul Jovem // Augúrio das Areias,Young Blue Dragon // Sand Augury
106,106,"R$ 3,88",Agente do Trono de Ferro,Agent of the Iron Throne
107,107,"R$ 1,89",Agente dos Ladrões das Sombras,Agent of the Shadow Thieves
108,108,"R$ 18,95",Altar de Bhaal // Oferenda de Ossos,Altar of Bhaal // Bone Offering
109,109,"R$ 0,41",Custo da Ambição,Ambition's Cost
110,110,"R$ 36,89",Dragão de Latão Ancião,Ancient Brass Dragon
111,111,"R$ 0,42",Armadura de Sombras,Armor of Shadows
112,112,"R$ 0,43",Braços de Hadar,Arms of Hadar
113,113,"R$ 8,94",Sede de Astarion,Astarion's Thirst
114,114,"R$ 0,42",Experimento Atroz,Atrocious Experiment
115,115,"R$ 32,44",Dinheiro Sangrento,Blood Money
116,116,"R$ 0,50",Clériga Convocadora de Ossos,Bonecaller Cleric
117,117,"R$ 6,95",Chamado ao Vazio,Call to the Void
118,118,"R$ 1,99",Demover,Cast Down
119,119,"R$ 0,44",Diabo das Correntes,Chain Devil
120,120,"R$ 3,43",Névoa Mortal,Cloudkill
121,121,"R$ 1,88",Passado Criminoso,Criminal Past
122,122,"R$ 10,95",Cultista do Absoluto,Cultist of the Absolute
123,123,"R$ 12,50",Disputa Mortífera,Deadly Dispute
124,124,"R$ 8,00",Cérebro Ancião,Elder Brain
125,125,"R$ 6,95",Pacto Místico,Eldritch Pact
126,126,"R$ 0,44",Tirano da Morte Assombroso,Ghastly Death Tyrant
127,127,"R$ 2,43",Lanterna Fantasma // Capturar Espírito,Ghost Lantern // Bind Spirit
128,128,"R$ 0,44",Slaad Cinza // Decomposição Entrópica,Gray Slaad // Entropic Decay
129,129,"R$ 0,45",Espreitadora Jurada à Guilda,Guildsworn Prowler
130,130,"R$ 0,44",Hezrou // Fedor Demoníaco,Hezrou // Demonic Stench
131,131,"R$ 7,95",Devorador de Intelecto,Intellect Devourer
132,132,"R$ 0,44",Bolorentos,Mold Folk
133,133,"R$ 0,25",Homicídio,Murder
134,134,"R$ 0,44",Édito de Myrkul,Myrkul's Edict
135,135,"R$ 0,44",Invocador de Myrkul,Myrkul's Invoker
136,136,"R$ 0,44",Diabrete Nefasto,Nefarious Imp
137,137,"R$ 0,85",Nótico,Nothic
138,138,"R$ 38,90",Arma de Pacto,Pact Weapon
139,139,"R$ 0,36",Ímpeto Parasitário,Parasitic Impetus
140,140,"R$ 1,95",Vidente da Passagem,Passageway Seer
141,141,"R$ 5,95",Aventureira de Ravenloft,Ravenloft Adventurer
142,142,"R$ 2,39","Safana, Degoladora de Calimporto","Safana, Calimport Cutthroat"
143,143,"R$ 1,95","Sarevok, Fatífero","Sarevok, Deathbringer"
144,144,"R$ 0,42",Rebento de Halaster,Scion of Halaster
145,145,"R$ 6,95","Sombralma, Justiciar Sombria","Shadowheart, Dark Justiciar"
146,146,"R$ 1,94",Insígnia de Myrkul,Sigil of Myrkul
147,147,"R$ 2,33","Sivriss, Orador do Pesadelo","Sivriss, Nightmare Speaker"
148,148,"R$ 0,20",Mercadora do Porto da Caveira,Skullport Merchant
149,149,"R$ 0,44",Estirge,Stirge
150,150,"R$ 0,43",Invocar Morto-vivo,Summon Undead
151,151,"R$ 0,13",Ferramentas de Ladrão,Thieves' Tools
152,152,"R$ 1,00",Dragão de Topázio // Nuvem Entrópica,Topaz Dragon // Entropic Cloud
153,153,"R$ 0,43",Explorador do Subterrâneo,Underdark Explorer
154,154,"R$ 0,45",Furioso de Batalha Ferino,Vicious Battlerager
155,155,"R$ 2,33","Viconia, Apóstata Drow","Viconia, Drow Apostate"
156,156,"R$ 0,49",Vrock,
157,157,"R$ 0,45",Bandido Zentharim,Zhentarim Bandit
158,158,"R$ 1,90",Amber Gristle O'Maul,
159,159,"R$ 1,50",Dragão de Ametista // Cristal Explosivo,Amethyst Dragon // Explosive Crystal
160,160,"R$ 139,49",Dragão de Cobre Ancião,Ancient Copper Dragon
161,161,"R$ 34,94",Balor,
162,162,"R$ 0,25",Invocador de Bhaal,Bhaal's Invoker
163,163,"R$ 1,42",Feiticeiro do Sangue Fervente,Bloodboil Sorcerer
164,164,"R$ 0,45",Arma de Sopro,Breath Weapon
165,165,"R$ 0,49",Orbe dos Dragões de Cornalina,Carnelian Orb of Dragonkind
166,166,"R$ 7,95",Aventureira das Cavernas do Caos,Caves of Chaos Adventurer
167,167,"R$ 0,45",Coroação do Caos,Coronation of Chaos
168,168,"R$ 17,89",Descida ao Avernus,Descent into Avernus
169,169,"R$ 1,94",Cultista do Dragão,Dragon Cultist
170,170,"R$ 0,45",Tremor de Terra,Earth Tremor
171,171,"R$ 6,95",Sobreviventes de Elturel,Elturel Survivors
172,172,"R$ 0,45",Dragão das Presas // Golpe de Cauda Bifurcada,Fang Dragon // Forktail Sweep
173,173,"R$ 6,95",Flautista Firbolg,Firbolg Flutist
174,174,"R$ 0,25",Bola de Fogo,Fireball
175,175,"R$ 2,41","Ganax, Caçador Astral","Ganax, Astral Hunter"
176,176,"R$ 0,45",Impositores Genasi,Genasi Enforcers
177,177,"R$ 1,42",Bando Guerreiro Gnoll,Gnoll War Band
178,178,"R$ 1,48",Artesão de Guilda,Guild Artisan
179,179,"R$ 2,41","Gut, Zelote Alma Verdadeira","Gut, True Soul Zealot"
180,180,"R$ 0,15",Ogro Acumulador,Hoarding Ogre
181,181,"R$ 0,48",Artilheiro Engenhoso,Ingenious Artillerist
182,182,"R$ 8,43",Engenhocagem Inspirada,Inspired Tinkering
183,183,"R$ 0,44",Baladeiro Insuportável,Insufferable Balladeer
184,184,"R$ 0,44",Azagaia Relâmpago,Javelin of Lightning
185,185,"R$ 53,94","Karlach, Fúria do Avernus","Karlach, Fury of Avernus"
186,186,"R$ 7,95",Raio,Lightning Bolt
187,187,"R$ 1,95","Livaan, Cultista de Tiamat","Livaan, Cultist of Tiamat"
188,188,"R$ 1,95",Fênix Nêmesis,Nemesis Phoenix
189,189,"R$ 0,44",Ataque em Bando,Pack Attack
190,190,"R$ 0,45",Patrona das Artes,Patron of the Arts
191,191,"R$ 6,95",Artista Popular,Popular Entertainer
192,192,"R$ 0,44",Bárbaro Imprudente,Reckless Barbarian
193,193,"R$ 0,42",Ímpeto Brilhante,Shiny Impetus
194,194,"R$ 0,45",Barda Despertadora,Stirring Bard
195,195,"R$ 48,72",Trovão do Rei da Tempestade,Storm King's Thunder
196,196,"R$ 1,95",Criança de Rua,Street Urchin
197,197,"R$ 1,90",Espadachim Extraordinário,Swashbuckler Extraordinaire
198,198,"R$ 1,00",Kobold Provocador,Taunting Kobold
199,199,"R$ 0,44",Valentão de Taverna,Tavern Brawler
200,200,"R$ 1,85",Onda Trovejante,Thunderwave
201,201,"R$ 0,45",Fanáticos de Tiamat,Tiamat's Fanatics
202,202,"R$ 2,42",Machado de Duas Mãos,Two-Handed Axe
203,203,"R$ 6,95",Varinha das Maravilhas,Wand of Wonder
204,204,"R$ 0,44",Ladrão de Armazéns,Warehouse Thief
205,205,"R$ 3,88",Surto de Magia Selvagem,Wild Magic Surge
206,206,"R$ 24,90",Dragão Vermelho Irado,Wrathful Red Dragon
207,207,"R$ 6,95","Wyll, Lâmina das Fronteiras","Wyll, Blade of Frontiers"
208,208,"R$ 6,95",Inversão de Wyll,Wyll's Reversal
209,209,"R$ 0,45",Dragão Vermelho Jovem // Banhar-se em Ouro,Young Red Dragon // Bathe in Gold
210,210,"R$ 0,44",Flagraram Você Roubando,You've Been Caught Stealing
211,211,"R$ 2,43",Acólito de Bahamut,Acolyte of Bahamut
212,212,"R$ 0,44",Draconata Ambiciosa,Ambitious Dragonborn
213,213,"R$ 84,94",Dragão de Bronze Ancião,Ancient Bronze Dragon
214,214,"R$ 0,45",Caçador Vingador,Avenging Hunter
215,215,"R$ 0,10",Coligar,Band Together
216,216,"R$ 5,95",Briga de Taverna,Barroom Brawl
217,217,"R$ 53,44",Soberana do Espinheiro,Bramble Sovereign
218,218,"R$ 0,44",Domadora de Suínos Despreocupada,Carefree Swinemaster
219,219,"R$ 0,44",Druida do Círculo da Terra,Circle of the Land Druid
220,220,"R$ 2,44",Eremita de Floresta do Manto,Cloakwood Hermit
221,221,"R$ 0,45",Protetor do Enxame de Floresta do Manto,Cloakwood Swarmkeeper
222,222,"R$ 0,44",Texugo Colossal // Cavar Fundo,Colossal Badger // Dig Deep
223,223,"R$ 1,95",Muralistas Dracônicos,Draconic Muralists
224,224,"R$ 0,43",Linorme Atroz // Deflexão das Escamas,Dread Linnorm // Scale Deflection
225,225,"R$ 0,44",Druida do Bosque Esmeralda,Druid of the Emerald Grove
226,226,"R$ 0,44",Ritual Druídico,Druidic Ritual
227,227,"R$ 19,25",Dragão do Terremoto,Earthquake Dragon
228,228,"R$ 1,88",Dragão de Esmeralda // Onda Dissonante,Emerald Dragon // Dissonant Wave
229,229,"R$ 1,90","Erinis, Espreitadora Sombria","Erinis, Gloom Stalker"
230,230,"R$ 0,44",Ettercap // Tiro de Teia,Ettercap // Web Shot
231,231,"R$ 3,88",Explorar o Subterrâneo,Explore the Underdark
232,232,"R$ 1,95",Ankheg Gigante,Giant Ankheg
233,233,"R$ 2,72","Halsin, Arquidruida Esmeralda","Halsin, Emerald Archdruid"
234,234,"R$ 1,94",Forasteiro Robusto,Hardy Outlander
235,235,"R$ 0,55",Orbe dos Dragões de Jade,Jade Orb of Dragonkind
236,236,"R$ 19,44","Jaheira, Amiga da Floresta","Jaheira, Friend of the Forest"
237,237,"R$ 7,95",Trégua de Jaheira,Jaheira's Respite
238,238,"R$ 0,44",Dragão Verde à Espreita,Lurking Green Dragon
239,239,"R$ 19,95",Gênese Majestosa,Majestic Genesis
240,240,"R$ 0,43",Mestre-cuca,Master Chef
241,241,"R$ 28,75",Manual dos Monstros // Estudo Zoológico,Monster Manual // Zoological Study
242,242,"R$ 0,45",Cuidador de Esporos Miconídeo,Myconid Spore Tender
243,243,"R$ 10,90",Sabedoria da Natureza,Nature's Lore
244,244,"R$ 2,42",Confronto Avassalador,Overwhelming Encounter
245,245,"R$ 12,95",Filhote de Urso-coruja,Owlbear Cub
246,246,"R$ 1,00",Pastora de Urso-coruja,Owlbear Shepherd
247,247,"R$ 0,44",Envenenar a Lâmina,Poison the Blade
248,248,"R$ 0,44",Ímpeto Predatório,Predatory Impetus
249,249,"R$ 6,95",Criado por Gigantes,Raised by Giants
250,250,"R$ 1,50",Sela do Cavaleiro,Saddle of the Cavalier
251,251,"R$ 0,43",Cultivador Escamoso,Scaled Nurturer
252,252,"R$ 1,42",Elfa Atiradora de Elite,Sharpshooter Elf
253,253,"R$ 0,25",Invocador de Silvanus,Silvanus's Invoker
254,254,"R$ 1,44",Skanos Coração Dracônico,Skanos Dragonheart
255,255,"R$ 1,88",Serpente da Caveira,Skullwinder
256,256,"R$ 2,33",Repartir os Despojos,Split the Spoils
257,257,"R$ 24,44",Atravessar as Terras Longínquas,Traverse the Outlands
258,258,"R$ 0,44",Miconídeo do Subcelário,Undercellar Myconid
259,259,"R$ 7,95",Aventureiro da Montanha Subterrânea,Undermountain Adventurer
260,260,"R$ 2,85","Wilson, Urso Pardo Refinado","Wilson, Refined Grizzly"
261,261,"R$ 1,88",Você Vê o Tarrasque,You Look Upon the Tarrasque
262,262,"R$ 0,10",Vocês se Encontram numa Taverna,You Meet in a Tavern
263,263,"R$ 7,74","Alaundo, o Vidente",Alaundo the Seer
264,264,"R$ 6,39","Astarion, o Hedonista","Astarion, the Decadent"
265,265,"R$ 6,44","Baba Lysaga, Bruxa da Noite","Baba Lysaga, Night Witch"
266,266,"R$ 7,95","Bane, Senhor das Trevas","Bane, Lord of Darkness"
267,267,"R$ 6,89","Bhaal, Senhor do Assassinato","Bhaal, Lord of Murder"
268,268,"R$ 2,88","Cadira, Convocadora dos Pequenos","Cadira, Caller of the Small"
269,269,"R$ 1,90",Comandante Liara Portyr,Commander Liara Portyr
270,270,"R$ 7,75",O Conselho dos Quatro,The Council of Four
271,271,"R$ 5,95",Duque Ulder Ravengard,Duke Ulder Ravengard
272,272,"R$ 5,95","Dynaheir, Adepta Invocadora","Dynaheir, Invoker Adept"
273,273,"R$ 54,95",Elminster,
274,274,"R$ 3,95","Gluntch, o Generoso","Gluntch, the Bestower"
275,275,"R$ 10,43","Gorion, Mentor Sábio","Gorion, Wise Mentor"
276,276,"R$ 14,95","Jan Jansen, Artífice do Caos","Jan Jansen, Chaos Crafter"
277,277,"R$ 5,95","Jon Irenicus, O Despedaçado","Jon Irenicus, Shattered One"
278,278,"R$ 1,95","Kagra, Arquidruida das Sombras","Kagha, Shadow Archdruid"
279,279,"R$ 1,95","Korlessa, Cantora das Escamas","Korlessa, Scale Singer"
280,280,"R$ 1,95","Lozhan, Legado dos Dragões","Lozhan, Dragons' Legacy"
281,281,"R$ 2,95","Mahadi, Mestre do Empório","Mahadi, Emporium Master"
282,282,"R$ 7,95","Mazzy, Paladina da Espada Pura","Mazzy, Truesword Paladin"
283,283,"R$ 28,70","Miirym, Dragão Sentinela","Miirym, Sentinel Wyrm"
284,284,"R$ 63,94","Minsc & Boo, Heróis Atemporais","Minsc & Boo, Timeless Heroes"
285,285,"R$ 1,95","Minthara, Alma Impiedosa","Minthara, Merciless Soul"
286,286,"R$ 9,90","Myrkul, Senhor dos Ossos","Myrkul, Lord of Bones"
287,287,"R$ 7,95","Neera, Maga Selvagem","Neera, Wild Mage"
288,288,"R$ 9,90",Astele Keene,Nine-Fingers Keene
289,289,"R$ 1,95","Oji, Lâmina Requintada","Oji, the Exquisite Blade"
290,290,"R$ 9,70","Raggadragga, Chefe dos Rancatripa","Raggadragga, Goreguts Boss"
291,291,"R$ 13,95","Raphael, Salvador Demoníaco","Raphael, Fiendish Savior"
292,292,"R$ 1,95","Rilsa Rael, Chefona","Rilsa Rael, Kingpin"
293,293,"R$ 63,74","Tasha, a Rainha Bruxa","Tasha, the Witch Queen"
294,294,"R$ 1,41","Thrakkus, o Açougueiro",Thrakkus the Butcher
295,295,"R$ 8,94","Zevlor, Exilado de Elturel","Zevlor, Elturel Exile"
296,296,"R$ 0,10",Enciclopédia Arcana,Arcane Encyclopedia
297,297,"R$ 5,77",Sinete Arcano,Arcane Signet
298,298,"R$ 0,20",Mochila de Carga,Bag of Holding
299,299,"R$ 5,95",Colar de Basilisco,Basilisk Collar
300,300,"R$ 34,75",Lâmina dos Egos,Blade of Selves
301,301,"R$ 0,44",Morsa de Bronze,Bronze Walrus
302,302,"R$ 0,60",Cervo Brunido,Burnished Hart
303,303,"R$ 1,89",Fogueira,Campfire
304,304,"R$ 0,49",Diamante de Carvão,Charcoal Diamond
305,305,"R$ 0,44",Dragão de Chardalyn,Chardalyn Dragon
306,306,"R$ 0,44",Manto do Morcego,Cloak of the Bat
307,307,"R$ 0,44",Raposa Mecânica,Clockwork Fox
308,308,"R$ 0,44",Garrafa da Água Infinita,Decanter of Endless Water
309,309,"R$ 0,44",Mímico Atroz,Dire Mimic
310,310,"R$ 1,88",Toupeira de Perfuração,Drillworks Mole
311,311,"R$ 1,95",Kit do Explorador de Masmorras,Dungeoneer's Pack
312,312,"R$ 0,49",Diamante de Fogo,Fire Diamond
313,313,"R$ 7,74",Corda Puída,Fraying Line
314,314,"R$ 0,22",Colosso do Portão,Gate Colossus
315,315,"R$ 2,92",Golem do Geodo,Geode Golem
316,316,"R$ 0,95",Mastim de Ferro,Iron Mastiff
317,317,"R$ 0,44",Lanterna Reveladora,Lantern of Revealing
318,318,"R$ 0,80",Chave Múltipla,Manifold Key
319,319,"R$ 0,49",Diamante de Mármore,Marble Diamond
320,320,"R$ 0,44",Duodrone em Marcha,Marching Duodrone
321,321,"R$ 0,44",Marut,
322,322,"R$ 0,25",Golem Meteórico,Meteor Golem
323,323,"R$ 5,95",Servo Poderoso de Leuk-o,Mighty Servant of Leuk-o
324,324,"R$ 1,90",Pedra da Mente,Mind Stone
325,325,"R$ 14,94",Espelho do Aprisionamento,Mirror of Life Trapping
326,326,"R$ 0,21",Diamante de Limo,Moss Diamond
327,327,"R$ 28,84",Nave Nautiloide,Nautiloid Ship
328,328,"R$ 0,44",Orbe de Navegação,Navigation Orb
329,329,"R$ 0,45",Diagrama de Autômato Leve,Nimblewright Schematic
330,330,"R$ 1,85",Bolsa de Nobre,Noble's Purse
331,331,"R$ 2,88",Selo de Patriar,Patriar's Seal
332,332,"R$ 0,05",Olho do Peregrino,Pilgrim's Eye
333,333,"R$ 0,44",Estátua Cobiçada,Prized Statue
334,334,"R$ 0,14",Prisma Profético,Prophetic Prism
335,335,"R$ 1,95",Tapete Sufocador,Rug of Smothering
336,336,"R$ 0,50",Diamante Celeste,Sky Diamond
337,337,"R$ 2,49",Cristal do Orador das Pedras,Stonespeaker Crystal
338,338,"R$ 6,90",Botas Pé-ligeiro,Swiftfoot Boots
339,339,"R$ 0,44",Tocha do Pioneiro,Trailblazer's Torch
340,340,"R$ 0,10",Guardião do Tesouro,Treasure Keeper
341,341,"R$ 0,10",Solvente Universal,Universal Solvent
342,342,"R$ 38,25",Caixa Enigmática Desconcertante,Vexing Puzzlebox
343,343,"R$ 4,74",Bijuteria do Viajante,Wayfarer's Bauble
344,344,"R$ 9,95",Portal de Baldur,Baldur's Gate
345,345,"R$ 0,95",Portão do Basilisco,Basilisk Gate
346,346,"R$ 0,99",Portão do Dragão Negro,Black Dragon Gate
347,347,"R$ 39,90",Alameda da Abundância,Bountiful Promenade
348,348,"R$ 1,00",Portão da Cidadela,Citadel Gate
349,349,"R$ 0,95",Portão do Penhasco,Cliffgate
350,350,"R$ 0,95",Torre de Comando,Command Tower
351,351,"R$ 0,24",Terras em Desenvolvimento,Evolving Wilds
352,352,"R$ 12,44",Portão de Gond,Gond Gate
353,353,"R$ 0,95",Portão do Depósito,Heap Gate
354,354,"R$ 59,50",Suíte Luxuosa,Luxury Suite
355,355,"R$ 0,99",Portão da Mansão,Manor Gate
356,356,"R$ 59,49",Piscina Mórfica,Morphic Pool
357,357,"R$ 48,90",Lagoa Espelhada,Reflecting Pool
358,358,"R$ 0,95",Portão Marinho,Sea Gate
359,359,"R$ 48,94",Mar de Nuvens,Sea of Clouds
360,360,"R$ 39,90",Jardim dos Cumes,Spire Garden
361,361,"R$ 0,49",Planície (#451),Plains (#451)
362,362,"R$ 0,49",Planície (#452),Plains (#452)
363,363,"R$ 0,49",Planície (#453),Plains (#453)
364,364,"R$ 0,49",Planície (#454),Plains (#454)
365,365,"R$ 0,49",Ilha (#455),Island (#455)
366,366,"R$ 0,49",Ilha (#456),Island (#456)
367,367,"R$ 0,49",Ilha (#457),Island (#457)
368,368,"R$ 0,49",Ilha (#458),Island (#458)
369,369,"R$ 0,49",Pântano (#459),Swamp (#459)
370,370,"R$ 0,49",Pântano (#460),Swamp (#460)
371,371,"R$ 0,49",Pântano (#461),Swamp (#461)
372,372,"R$ 0,49",Pântano (#462),Swamp (#462)
373,373,"R$ 0,49",Montanha (#463),Mountain (#463)
374,374,"R$ 0,49",Montanha (#464),Mountain (#464)
375,375,"R$ 0,49",Montanha (#465),Mountain (#465)
376,376,"R$ 0,49",Montanha (#466),Mountain (#466)
377,377,"R$ 0,49",Floresta (#467),Forest (#467)
378,378,"R$ 0,49",Floresta (#468),Forest (#468)
379,379,"R$ 0,49",Floresta (#469),Forest (#469)
380,380,"R$ 0,49",Floresta (#470),Forest (#470)
381,381,"R$ 19,90",Capitão N'ghathrod,Captain N'ghathrod
382,382,"R$ 14,90","Faldorn, Arauta de Lobo Medonho","Faldorn, Dread Wolf Herald"
383,383,"R$ 19,90","Firkraag, Instigador Astuto","Firkraag, Cunning Instigator"
384,384,"R$ 19,90",Nalia de'Arnise,
385,385,"R$ 49,90",Herói do Povo,Folk Hero
386,386,"R$ 19,90",Artesão de Clã,Clan Crafter
387,387,"R$ 29,85","Zellix, Esfolador da Sanidade","Zellix, Sanity Flayer"
388,388,"R$ 19,85","Burakos, Líder de Grupo","Burakos, Party Leader"
389,389,"R$ 49,85",O Assombrado,Haunted One
390,390,"R$ 34,85","Baeloth Barrityl, Artista","Baeloth Barrityl, Entertainer"
391,391,"R$ 19,90",Arqueólogo Dedicado,Passionate Archaeologist
392,392,"R$ 19,90",Durnan do Portal Bocejante,Durnan of the Yawning Portal
393,393,"R$ 139,50",Terramante Gnomo das Profundezas,Deep Gnome Terramancer
394,394,"R$ 14,90",Recrutadora dos Harpistas,Harper Recruiter
395,395,"R$ 14,90",Exploradora de Masmorras Experiente,Seasoned Dungeoneer
396,396,"R$ 14,90",Permanecer Juntos,Stick Together
397,397,"R$ 119,90",Prole de Abolete,Aboleth Spawn
398,398,"R$ 59,90",Classe: Artífice,Artificer Class
399,399,"R$ 14,90",Dragão Astral,Astral Dragon
400,400,"R$ 19,90",Mal Infindo,Endless Evil
401,401,"R$ 19,85",Filósofo Grell,Grell Philosopher
402,402,"R$ 14,90",Dúplice Debochada,Mocking Doppelganger
403,403,"R$ 19,90",Ritual Psiônico,Psionic Ritual
404,404,"R$ 179,90",Contatos no Mercado Negro,Black Market Connections
405,405,"R$ 14,90",Dragão Ladrão de Cérebros,Brainstealer Dragon
406,406,"R$ 19,90",Das Catacumbas,From the Catacombs
407,407,"R$ 19,90",Guia Fúnebre Solene,Solemn Doomguide
408,408,"R$ 14,90",Uchuulon,
409,409,"R$ 14,90",Quasit Inconveniente,Bothersome Quasit
410,410,"R$ 10,90",Beijo Letal,Death Kiss
411,411,"R$ 19,90",Bola de Fogo Adiável,Delayed Blast Fireball
412,412,"R$ 14,85",Disputa pela Pilhagem,Loot Dispute
413,413,"R$ 19,90",Nalfeshnee,
414,414,"R$ 19,90",Embate Espetacular,Spectacular Showdown
415,415,"R$ 79,90",Limo Verde,Green Slime
416,416,"R$ 14,90",Jornada à Cidade Perdida,Journey to the Lost City
417,417,"R$ 14,90",Caçador Tlincalli // Recuperar a Presa,Tlincalli Hunter // Retrieve Prey
418,418,"R$ 29,90",Seguir em Frente,Venture Forth
419,419,"R$ 14,90",Talabarte Multiclasse,Multiclass Baldric
420,420,"R$ 19,90",Tomo de Sarevok,Sarevok's Tome
421,421,"R$ 0,45",Arquissacerdote de Iona,Archpriest of Iona
422,422,"R$ 9,90",Comando Austero,Austere Command
423,423,"R$ 2,50",Mnemocensor Aviano,Aven Mindcensor
424,424,"R$ 1,00",Bispo do Passado,Bygone Bishop
425,425,"R$ 0,25",Troca de Berço,Crib Swap
426,426,"R$ 2,95",Anoitecer // Alvorecer,Dusk // Dawn
427,427,"R$ 7,90",Oito-Caudas-e-Meia,Eight-and-a-Half-Tails
428,428,"R$ 1,00",Médico da Linha de Frente,Frontline Medic
429,429,"R$ 0,95",Mago Aeropólvora,Galepowder Mage
430,430,"R$ 3,50",Protetora Gloriosa,Glorious Protector
431,431,"R$ 0,25",Coorte Irregular,Irregular Cohort
432,432,"R$ 8,90",Jazal Juba D'ouro,Jazal Goldmane
433,433,"R$ 1,00",Assistente de Mago,Mage's Attendant
434,434,"R$ 1,00",Magus do Equilíbrio,Magus of the Balance
435,435,"R$ 5,90","Mikaeus, o Lunarca","Mikaeus, the Lunarch"
436,436,"R$ 0,00",Entidade do Espelho,Mirror Entity
437,437,"R$ 19,90",Madre das Runas,Mother of Runes
438,438,"R$ 6,90",Ordem da Argila Branca,Order of Whiteclay
439,439,"R$ 0,25",Sacerdote da Sabedoria Antiga,Priest of Ancient Lore
440,440,"R$ 1,50",Coletora de Rumores,Rumor Gatherer
441,441,"R$ 34,50",Espírito Altruísta,Selfless Spirit
442,442,"R$ 49,90",Reivindicação de Sevinne,Sevinne's Reclamation
443,443,"R$ 1,00",Recruta Solene,Solemn Recruit
444,444,"R$ 1,00",Comandante de Esquadrão,Squad Commander
445,445,"R$ 3,25",Formação Inquebrável,Unbreakable Formation
446,446,"R$ 0,00",Morfoloide Valente,Valiant Changeling
447,447,"R$ 2,50",Vendaval Etéreo,Æther Gale
448,448,"R$ 29,90",Tartaruga Pescadora,Angler Turtle
449,449,"R$ 4,90",Espreitador do Abismo,Chasm Skulker
450,450,"R$ 0,25",Pesquisa Compulsiva,Compulsive Research
451,451,"R$ 3,75",Maldição do Suíno,Curse of the Swine
452,452,"R$ 2,50",Maldição da Prolixidade,Curse of Verbosity
453,453,"R$ 9,90",Campo de Dissipação,Dissipation Field
454,454,"R$ 7,50",Vontade Dominadora,Domineering Will
455,455,"R$ 0,95",Fato ou Ficção,Fact or Fiction
456,456,"R$ 0,75",Criação Esquecida,Forgotten Creation
457,457,"R$ 7,90",Sanidade Fraturada,Fractured Sanity
458,458,"R$ 3,50","Grazilaxx, Erudito Ilitíde","Grazilaxx, Illithid Scholar"
459,459,"R$ 49,90",Horror Quebra-casco,Hullbreaker Horror
460,460,"R$ 9,90","Keiga, a Estrela da Maré","Keiga, the Tide Star"
461,461,"R$ 19,90",Linha de Força da Antecipação,Leyline of Anticipation
462,462,"R$ 0,00",Relógio da Meia-noite,Midnight Clock
463,463,"R$ 0,00",Devorador de Mentes,Mind Flayer
464,464,"R$ 7,50",Amálgama Sobrecarregado,Overcharged Amalgam
465,465,"R$ 0,00",Propaganda,
466,466,"R$ 0,00",Puxar do Amanhã,Pull From Tomorrow
467,467,"R$ 1,00",Baleia Perseguida,Pursued Whale
468,468,"R$ 0,00",Reflexos de Littjara,Reflections of Littjara
469,469,"R$ 0,00",Rédeas do Poder,Reins of Power
470,470,"R$ 0,00",Monstro da Imundície,Sludge Monster
471,471,"R$ 0,00",Instigador Ardiloso,Sly Instigator
472,472,"R$ 0,00",Infiltrador do Cais,Wharf Infiltrator
473,473,"R$ 0,00",Will Kenrith,
474,474,"R$ 29,95",Mercado Negro,Black Market
475,475,"R$ 4,90",Campeão Banhado em Sangue,Bloodsoaked Champion
476,476,"R$ 2,95",Carniceiro de Malakir,Butcher of Malakir
477,477,"R$ 19,90",Lich Calculista,Calculating Lich
478,478,"R$ 0,25",Pária Morfoloide,Changeling Outcast
479,479,"R$ 0,70",Áugure Cadáver,Corpse Augur
480,480,"R$ 5,95",Medo Debilitante,Crippling Fear
481,481,"R$ 9,90",Cai o Pano,Curtains' Call
482,482,"R$ 0,75",Cria das Trevas,Dark Hatchling
483,483,"R$ 0,25",Horror de Dauth,Dauthi Horror
484,484,"R$ 8,90",Devastador da Frota Macabra,Dire Fleet Ravager
485,485,"R$ 2,00",Colheitador do Entulho,Dross Harvester
486,486,"R$ 0,95",Desmembrador do Ocaso,Dusk Mangler
487,487,"R$ 0,25",Alimentar o Enxame,Feed the Swarm
488,488,"R$ 0,95","Gonti, Senhor da Opulência","Gonti, Lord of Luxury"
489,489,"R$ 3,95",Arúspice Sinistra,Grim Haruspex
490,490,"R$ 39,90",Capanga Sinistra,Grim Hireling
491,491,"R$ 2,95",Comedor de Culpa,Guiltfeeder
492,492,"R$ 1,00",Bruxaria,Hex
493,493,"R$ 14,90",Horror Caçado,Hunted Horror
494,494,"R$ 4,95",No Rastro de Garruk,In Garruk's Wake
495,495,"R$ 0,25",Sacerdote de Sangue de Malakir,Malakir Blood-Priest
496,496,"R$ 1,00",Líder de Ataque Mardu,Mardu Strike Leader
497,497,"R$ 7,90",Laceradora da Lâmina Mental,Mindblade Render
498,498,"R$ 0,00",Necrófago Falcão da Noite,Nighthawk Scavenger
499,499,"R$ 0,00",Uivador Noturno,Nighthowler
500,500,"R$ 1,00",Annihilo,Nihilith
501,501,"R$ 0,25",Raivoso Phyrexiano,Phyrexian Rager
502,502,"R$ 2,50",Cuspidor de Pragas,Plague Spitter
503,503,"R$ 0,00",Pontífice do Flagelo,Pontiff of Blight
504,504,"R$ 7,90",Facção Titeriteira,Puppeteer Clique
505,505,"R$ 1,75",Chupacabra Voraz,Ravenous Chupacabra
506,506,"R$ 0,00",Nêmesis dos Esgotos,Sewer Nemesis
507,507,"R$ 0,25",Drenar Mente,Syphon Mind
508,508,"R$ 0,00",Virar o Túmulo,Thwart the Grave
509,509,"R$ 3,50",Andarilho das Aflições,Woe Strider
510,510,"R$ 2,75",Degolador de Zulaport,Zulaport Cutthroat
511,511,"R$ 1,75",Formiga Agitadora,Agitator Ant
512,512,"R$ 1,00",A Guerra Acrosana,The Akroan War
513,513,"R$ 1,45",Fênix da Aurora,Aurora Phoenix
514,514,"R$ 4,95",Avatar da Carnificina,Avatar of Slaughter
515,515,"R$ 8,90",Ato Blasfemo,Blasphemous Act
516,516,"R$ 5,50",Gigante Esmaga-ossos // Pisar,Bonecrusher Giant // Stomp
517,517,"R$ 9,50",Provocador Petulante,Brash Taunter
518,518,"R$ 2,00",Reação em Cadeia,Chain Reaction
519,519,"R$ 4,95",Dragão do Caos,Chaos Dragon
520,520,"R$ 5,50",Distorção Caótica,Chaos Warp
521,521,"R$ 34,95",Maldição da Opulência,Curse of Opulence
522,522,"R$ 0,10",Raio Demoníaco,Demon Bolt
523,523,"R$ 2,95",Destemida da Frota Macabra,Dire Fleet Daredevil
524,524,"R$ 11,90",Quebrar o Decoro,Disrupt Decorum
525,525,"R$ 15,90","Drakuseth, Gorja das Chamas","Drakuseth, Maw of Flames"
526,526,"R$ 0,75",Saqueador de Sonhos,Dream Pillager
527,527,"R$ 0,25",Quebra-escudo de Brasoreth // Exibição em Batalha,Embereth Shieldbreaker // Battle Display
528,528,"R$ 5,50","Etali, Tormenta Primordial","Etali, Primal Storm"
529,529,"R$ 4,90",Raivoso do Geodo,Geode Rager
530,530,"R$ 17,90",Espião-mestre Goblin,Goblin Spymaster
531,531,"R$ 1,75",Gargadonte Maior,Greater Gargadon
532,532,"R$ 1,75",Inflamar o Futuro,Ignite the Future
533,533,"R$ 0,95",Quimiomante Izzet,Izzet Chemister
534,534,"R$ 79,90",Vontade de Jeska,Jeska's Will
535,535,"R$ 9,90","Kazuul, Tirano dos Penhascos","Kazuul, Tyrant of the Cliffs"
536,536,"R$ 24,90","Laelia, a Lâmina Reforjada","Laelia, the Blade Reforged"
537,537,"R$ 2,95",Iluminar o Palco,Light Up the Stage
538,538,"R$ 2,95",Morteiros de Mizzium,Mizzium Mortars
539,539,"R$ 1,95",Cerco ao Posto Avançado,Outpost Siege
540,540,"R$ 12,90",Rowan Kenrith,
541,541,"R$ 4,95","Ryusei, a Estrela Cadente","Ryusei, the Falling Star"
542,542,"R$ 39,90",Estratégia Roubada,Stolen Strategy
543,543,"R$ 2,50",Gigante Tectônico,Tectonic Giant
544,544,"R$ 14,90",Dragão Avérneo Territorial,Territorial Hellkite
545,545,"R$ 3,90",Dragão do Trovão,Thunder Dragon
546,546,"R$ 29,50","Urabrask, o Oculto",Urabrask the Hidden
547,547,"R$ 7,90",Ancestral Vingativo,Vengeful Ancestor
548,548,"R$ 0,00",Torrente Vulcânica,Volcanic Torrent
549,549,"R$ 1,50",Dragão Avérneo Belicista,Warmonger Hellkite
550,550,"R$ 3,95",Surto da Tempestade Bélica,Warstorm Surge
551,551,"R$ 3,95",Feiticeiro da Magia Selvagem,Wild-Magic Sorcerer
552,552,"R$ 2,95",Arasta da Teia Infinita,Arasta of the Endless Web
553,553,"R$ 7,90",Mamute de Batalha,Battle Mammoth
554,554,"R$ 0,45",Gigante do Pé de Feijão // Pegadas Férteis,Beanstalk Giant // Fertile Footsteps
555,555,"R$ 3,75",Fera Interior,Beast Within
556,556,"R$ 3,75",Cultivar,Cultivate
557,557,"R$ 3,95",Pioneiros do Arrasamento Final,End-Raze Forerunners
558,558,"R$ 0,25",Explorar,Explore
559,559,"R$ 9,90",Predação de Ezuri,Ezuri's Predation
560,560,"R$ 2,50",Vespa Rainha,Hornet Queen
561,561,"R$ 0,25",Alcance do Kodama,Kodama's Reach
562,562,"R$ 1,45",Fera Apaixonada // Desejo do Coração,Lovestruck Beast // Heart's Desire
563,563,"R$ 4,95",Hidra Devoradora de Mana,Managorger Hydra
564,564,"R$ 0,25",Retomada Natural,Natural Reclamation
565,565,"R$ 9,90",Recompensa Primordial,Primeval Bounty
566,566,"R$ 4,95",Retorno do Falabravo,Return of the Wildspeaker
567,567,"R$ 0,25",Ancião da Tribo Sakura,Sakura-Tribe Elder
568,568,"R$ 3,95",Convergência dos Vormes-da-areia,Sandwurm Convergence
569,569,"R$ 0,25",Buscar pelo Amanhã,Search for Tomorrow
570,570,"R$ 2,50",Reclusa da Goma Doce,Sweet-Gum Recluse
571,571,"R$ 0,00",Terramorfia,Terramorph
572,572,"R$ 15,90",Três Visitas,Three Visits
573,573,"R$ 9,90","Vivien, Campeã da Natureza","Vivien, Champion of the Wilds"
574,574,"R$ 2,50",Elfo Tranças-de-Sangue,Bloodbraid Elf
575,575,"R$ 2,95",Aberração Consumidora,Consuming Aberration
576,576,"R$ 1,75",Descentelhar,Despark
577,577,"R$ 11,50",Afogar no Lago,Drown in the Loch
578,578,"R$ 1,95",Fuga para as Terras Selvagens,Escape to the Wilds
579,579,"R$ 0,20",Extrair das Trevas,Extract from Darkness
580,580,"R$ 7,50","Felisa, Presa de Platinopena","Felisa, Fang of Silverquill"
581,581,"R$ 0,95",Retribuição de Firja,Firja's Retribution
582,582,"R$ 0,95","Grumgully, o Generoso","Grumgully, the Generous"
583,583,"R$ 1,00",Alto Sacerdote de Penitência,High Priest of Penance
584,584,"R$ 7,90",Saquear Memória,Memory Plunder
585,585,"R$ 5,90",Nêmesis da Razão,Nemesis of Reason
586,586,"R$ 6,50","Niv-Mizzet, Parun",
587,587,"R$ 3,50",Dragão Sílfide,Sprite Dragon
588,588,"R$ 11,90","Xenagos, o Orgíaco","Xenagos, the Reveler"
589,589,"R$ 1,00",Lâmina Sedenta de Sangue,Bloodthirsty Blade
590,590,"R$ 0,95",Varinha do Caos,Chaos Wand
591,591,"R$ 0,25",Chave Rúnica Dimir,Dimir Keyrune
592,592,"R$ 0,25",Sinete Dimir,Dimir Signet
593,593,"R$ 5,90",Tesouro do Dragão,Dragon's Hoard
594,594,"R$ 1,50",Cálice do Fluxo Perene,Everflowing Chalice
595,595,"R$ 7,90",A Pedra Fellwar,Fellwar Stone
596,596,"R$ 1,75",Arquivo de Edro,Hedron Archive
597,597,"R$ 31,90",Corneta do Arauto,Herald's Horn
598,598,"R$ 0,25",Sinete Izzet,Izzet Signet
599,599,"R$ 24,90",Grevas Faiscantes,Lightning Greaves
600,600,"R$ 13,90",Nexo do Bosque das Máscaras,Maskwood Nexus
601,601,"R$ 11,90",Manivela Mental,Mindcrank
602,602,"R$ 0,25",Sinete Orzhov,Orzhov Signet
603,603,"R$ 4,90",Revogador Phyrexiano,Phyrexian Revoker
604,604,"R$ 2,50",Réptil da Psicose,Psychosis Crawler
605,605,"R$ 24,90",Pinça Craniana,Skullclamp
606,606,"R$ 5,50",Anel Solar,Sol Ring
607,607,"R$ 5,90",Simulacro Solene,Solemn Simulacrum
608,608,"R$ 12,90",Desprezador de Mágica,Spellskite
609,609,"R$ 5,90",Dragão Avérneo de Aço,Steel Hellkite
610,610,"R$ 3,00",Boneco Empalhado,Stuffy Doll
611,611,"R$ 6,90",Talismã da Criatividade,Talisman of Creativity
612,612,"R$ 9,90",Talismã da Dominação,Talisman of Dominance
613,613,"R$ 6,90",Talismã da Hierarquia,Talisman of Hierarchy
614,614,"R$ 9,90",Receptáculo de Pensamentos,Thought Vessel
615,615,"R$ 4,75",Desolação Fumegante,Ash Barrens
616,616,"R$ 0,75",Floresta Flagelada,Blighted Woodland
617,617,"R$ 0,25",Pântano de Bojuka,Bojuka Bog
618,618,"R$ 2,50",Castelo de Brasoreth,Castle Embereth
619,619,"R$ 17,90",Castelo de Locthwain,Castle Locthwain
620,620,"R$ 9,50",Castelo de Vantreza,Castle Vantress
621,621,"R$ 3,50",Estuário Estrangulado,Choked Estuary
622,622,"R$ 4,50",Clareira das Cinzas,Cinder Glade
623,623,"R$ 7,90",Poço de Piche Rastejante,Creeping Tar Pit
624,624,"R$ 2,25",Catacumbas de Darkwater,Darkwater Catacombs
625,625,"R$ 1,45",Farol Desolado,Desolate Lighthouse
626,626,"R$ 1,50",Aqueduto Dimir,Dimir Aqueduct
627,627,"R$ 0,45",Templo da Costa Náufraga,Drownyard Temple
628,628,"R$ 1,75",Pomar Exótico,Exotic Orchard
629,629,"R$ 4,50",Trilha de Caça,Game Trail
630,630,"R$ 0,75",Gleba Gruul,Gruul Turf
631,631,"R$ 0,25",Floresta das Terras Altas,Highland Forest
632,632,"R$ 0,75",Fábrica de Caldeira Izzet,Izzet Boilerworks
633,633,"R$ 8,90",Toca do Lobo de Kessig,Kessig Wolf Run
634,634,"R$ 2,95",Fortaleza de Kher,Kher Keep
635,635,"R$ 0,25",Lodaçal Mortuário,Mortuary Mire
636,636,"R$ 2,75",Vale de Piromusgo,Mossfire Valley
637,637,"R$ 1,25",Ponte Musgomosto,Mosswort Bridge
638,638,"R$ 47,90",Caverna Mutável,Mutavault
639,639,"R$ 1,50",Paisagem Infinita,Myriad Landscape
640,640,"R$ 2,50",Brejo de Nefália,Nephalia Drownyard
641,641,"R$ 1,50",Basílica Orzhov,Orzhov Basilica
642,642,"R$ 0,25",Caminho da Ascendência,Path of Ancestry
643,643,"R$ 0,65",Porto de Karfell,Port of Karfell
644,644,"R$ 0,25",Campus de Prismari,Prismari Campus
645,645,"R$ 3,95",Ravina Enfurecida,Raging Ravine
646,646,"R$ 7,90",Torre do Relicário,Reliquary Tower
647,647,"R$ 9,90",Rio de Lágrimas,River of Tears
648,648,"R$ 1,00",Passagem do Ladino,Rogue's Passage
649,649,"R$ 2,50",Exaustor Trópego,Shambling Vent
650,650,"R$ 0,25",Buraco na Neve,Snowfield Sinkhole
651,651,"R$ 1,50",Colina da Rocha Espinhosa,Spinerock Knoll
652,652,"R$ 1,00",Santuário à Luz das Estrelas,Starlit Sanctum
653,653,"R$ 4,50",Vale Afundado,Sunken Hollow
654,654,"R$ 4,50",Campo Contaminado,Tainted Field
655,655,"R$ 9,90",Ilha Contaminada,Tainted Isle
656,656,"R$ 2,75",Templo do Abandono,Temple of Abandon
657,657,"R$ 2,75",Templo do Engano,Temple of Deceit
658,658,"R$ 2,75",Templo da Epifania,Temple of Epiphany
659,659,"R$ 2,75",Templo do Silêncio,Temple of Silence
660,660,"R$ 1,75",Templo do Falso Deus,Temple of the False God
661,661,"R$ 13,90",Gerador de Terrenos,Terrain Generator
662,662,"R$ 14,90",Câmara do Arcanjo,Vault of the Archangel
663,663,"R$ 3,25",Fumarola Errante,Wandering Fumarole
664,664,"R$ 27,90",Salão de Guerra,War Room
665,665,"R$ 2,00",Cumes dos Ventos Velozes,Windbrisk Heights
